process.b1.capacity;process.b2.capacity;process.b3.capacity;process.b4.capacity;property.price;property.product;property.winner;verification.result;verification.time
0;0;2;1;59;1;0;FALSE;16.331.666.666.666.600
0;0;2;1;59;2;0;FALSE;200.86
0;0;2;1;59;4;0;FALSE;15.488.888.888.888.800
0;0;2;1;59;6;0;FALSE;108.64
0;0;2;1;60;1;0;TRUE;8.546.666.666.666.660
0;0;2;1;60;1;3;TRUE;82.0
0;0;2;1;60;1;4;FALSE;154.25
0;0;2;1;60;2;0;TRUE;80.95
0;0;2;1;60;2;3;TRUE;78.0
0;0;2;1;60;2;4;FALSE;197.01
0;0;2;1;60;4;0;TRUE;80.25
0;0;2;1;60;4;3;TRUE;7.791.666.666.666.660
0;0;2;1;60;4;4;FALSE;14.469.444.444.444.400
0;0;2;1;60;6;0;TRUE;88.12
0;0;2;1;60;6;3;TRUE;78.84
0;0;2;1;60;6;4;TRUE;78.15
0;0;2;1;69;3;0;FALSE;112.05
0;0;2;1;69;5;0;FALSE;32.205.555.555.555.500
0;0;2;1;70;3;0;TRUE;87.1
0;0;2;1;70;3;3;TRUE;97.11
0;0;2;1;70;3;4;TRUE;80.86
0;0;2;1;70;5;0;TRUE;1.944.388.888.888.880
0;0;2;1;70;5;3;FALSE;3.788.222.222.222.220
0;0;2;1;70;5;4;TRUE;2.077.722.222.222.220
0;1;1;1;59;1;0;FALSE;646.675
0;1;1;1;59;4;0;FALSE;5.646.346.153.846.150
0;1;1;1;59;6;0;FALSE;24.821.666.666.666.600
0;1;1;1;60;1;0;FALSE;578.625
0;1;1;1;60;4;0;FALSE;5.239.615.384.615.380
0;1;1;1;60;6;0;TRUE;90.0
0;1;1;1;60;6;2;TRUE;9.458.333.333.333.330
0;1;1;1;60;6;3;FALSE;24.351.666.666.666.600
0;1;1;1;60;6;4;FALSE;225.05
0;1;1;1;61;1;0;FALSE;608.2
0;1;1;1;61;4;0;FALSE;5.463.461.538.461.530
0;1;1;1;62;1;0;FALSE;596.475
0;1;1;1;62;4;0;FALSE;5.541.153.846.153.840
0;1;1;1;63;1;0;FALSE;603.65
0;1;1;1;63;4;0;FALSE;5.537.692.307.692.300
0;1;1;1;64;1;0;FALSE;532.8
0;1;1;1;64;4;0;FALSE;48.346.153.846.153.800
0;1;1;1;65;1;0;FALSE;567.975
0;1;1;1;65;4;0;FALSE;50.596.153.846.153.800
0;1;1;1;66;1;0;FALSE;564.3
0;1;1;1;66;4;0;FALSE;4.961.730.769.230.760
0;1;1;1;67;1;0;FALSE;588.9
0;1;1;1;67;4;0;FALSE;5.226.346.153.846.150
0;1;1;1;68;1;0;FALSE;537.075
0;1;1;1;68;4;0;FALSE;48.165.384.615.384.600
0;1;1;1;69;1;0;FALSE;544.05
0;1;1;1;69;3;0;FALSE;178.4
0;1;1;1;69;4;0;FALSE;5.123.461.538.461.530
0;1;1;1;69;5;0;FALSE;7.511.875
0;1;1;1;70;1;0;TRUE;518.2
0;1;1;1;70;1;2;TRUE;547.725
0;1;1;1;70;1;3;FALSE;602.125
0;1;1;1;70;1;4;FALSE;588.2
0;1;1;1;70;3;0;TRUE;15.351.666.666.666.600
0;1;1;1;70;3;2;TRUE;15.113.333.333.333.300
0;1;1;1;70;3;3;FALSE;16.541.666.666.666.600
0;1;1;1;70;3;4;FALSE;17.671.666.666.666.600
0;1;1;1;70;4;0;TRUE;4.180.576.923.076.920
0;1;1;1;70;4;2;TRUE;45.115.384.615.384.600
0;1;1;1;70;4;3;FALSE;5.290.769.230.769.230
0;1;1;1;70;4;4;FALSE;5.183.653.846.153.840
0;1;1;1;70;5;0;FALSE;739.475
0;1;1;1;71;5;0;FALSE;7.519.875
0;1;1;1;72;5;0;FALSE;7.404.125
0;1;1;1;73;5;0;FALSE;719.45
0;1;1;1;74;5;0;FALSE;7.455.375
0;1;1;1;75;5;0;FALSE;7.345.625
0;1;1;1;76;5;0;FALSE;752.3
0;1;1;1;77;5;0;FALSE;725.55
0;1;1;1;78;5;0;FALSE;742.825
0;1;1;1;79;5;0;FALSE;7.238.125
0;1;1;1;80;5;0;TRUE;1.017.375
0;1;1;1;80;5;2;FALSE;7.702.375
0;1;1;1;80;5;3;FALSE;770.75
0;1;1;1;80;5;4;TRUE;1.063.375
0;1;2;0;59;1;0;FALSE;5.132.333.333.333.330
0;1;2;0;59;2;0;FALSE;1527.53
0;1;2;0;59;4;0;FALSE;4.763.222.222.222.220
0;1;2;0;59;6;0;FALSE;145.4
0;1;2;0;60;1;0;FALSE;44.301.666.666.666.600
0;1;2;0;60;2;0;FALSE;1.137.465
0;1;2;0;60;4;0;FALSE;41.985.555.555.555.500
0;1;2;0;60;6;0;TRUE;91.805
0;1;2;0;60;6;2;TRUE;85.25
0;1;2;0;60;6;3;FALSE;134.325
0;1;2;0;61;1;0;FALSE;46.205.833.333.333.300
0;1;2;0;61;2;0;FALSE;1.293.665
0;1;2;0;61;4;0;FALSE;4.418.388.888.888.880
0;1;2;0;62;1;0;FALSE;4.637.083.333.333.330
0;1;2;0;62;2;0;FALSE;1.245.215
0;1;2;0;62;4;0;FALSE;434.75
0;1;2;0;63;1;0;FALSE;463.075
0;1;2;0;63;2;0;FALSE;1290.88
0;1;2;0;63;4;0;FALSE;45.526.666.666.666.600
0;1;2;0;64;1;0;FALSE;389.3
0;1;2;0;64;2;0;FALSE;991.07
0;1;2;0;64;4;0;FALSE;36.281.111.111.111.100
0;1;2;0;65;1;0;FALSE;411.825
0;1;2;0;65;2;0;FALSE;1.106.455
0;1;2;0;65;4;0;FALSE;3.843.388.888.888.880
0;1;2;0;66;1;0;FALSE;39.848.333.333.333.300
0;1;2;0;66;2;0;FALSE;1.098.255
0;1;2;0;66;4;0;FALSE;37.739.444.444.444.400
0;1;2;0;67;1;0;FALSE;4.288.333.333.333.330
0;1;2;0;67;2;0;FALSE;1236.05
0;1;2;0;67;4;0;FALSE;4.171.388.888.888.880
0;1;2;0;68;1;0;FALSE;3.954.583.333.333.330
0;1;2;0;68;2;0;FALSE;917.335
0;1;2;0;68;4;0;FALSE;36.325.555.555.555.500
0;1;2;0;69;1;0;FALSE;4.126.666.666.666.660
0;1;2;0;69;2;0;FALSE;1020.25
0;1;2;0;69;3;0;FALSE;109.71
0;1;2;0;69;4;0;FALSE;39.927.777.777.777.700
0;1;2;0;70;1;0;TRUE;38.319.166.666.666.600
0;1;2;0;70;1;2;TRUE;412.525
0;1;2;0;70;1;3;FALSE;4.556.166.666.666.660
0;1;2;0;70;2;0;FALSE;1.013.485
0;1;2;0;70;3;0;TRUE;101.765
0;1;2;0;70;3;2;TRUE;94.635
0;1;2;0;70;3;3;FALSE;99.945
0;1;2;0;70;4;0;TRUE;34.815.555.555.555.500
0;1;2;0;70;4;2;TRUE;37.573.333.333.333.300
0;1;2;0;70;4;3;FALSE;42.993.888.888.888.800
0;1;2;0;71;2;0;FALSE;1123.56
0;1;2;0;72;2;0;FALSE;1087.23
0;1;2;0;73;2;0;FALSE;1.260.775
0;1;2;0;74;2;0;FALSE;1203.43
0;1;2;0;75;2;0;FALSE;1345.56
0;1;2;0;76;2;0;FALSE;979.395
0;1;2;0;77;2;0;FALSE;1.127.495
0;1;2;0;78;2;0;FALSE;1.113.075
0;1;2;0;79;2;0;FALSE;1.276.795
0;1;2;0;80;2;0;TRUE;119.28
0;1;2;0;80;2;2;TRUE;312.645
0;1;2;0;80;2;3;TRUE;120.82
0;1;2;1;59;1;0;FALSE;6.652.261.904.761.900
0;1;2;1;59;2;0;FALSE;1.716.807.142.857.140
0;1;2;1;59;4;0;FALSE;5.857.870.370.370.370
0;1;2;1;59;6;0;FALSE;25.654.285.714.285.700
0;1;2;1;60;1;0;FALSE;6.169.166.666.666.660
0;1;2;1;60;2;0;FALSE;13.009.642.857.142.800
0;1;2;1;60;4;0;FALSE;5.528.611.111.111.110
0;1;2;1;60;6;0;TRUE;9.224.285.714.285.710
0;1;2;1;60;6;2;TRUE;9.455.714.285.714.280
0;1;2;1;60;6;3;FALSE;24.907.857.142.857.100
0;1;2;1;60;6;4;FALSE;22.884.285.714.285.700
0;1;2;1;61;1;0;FALSE;6.405.119.047.619.040
0;1;2;1;61;2;0;FALSE;14.111.642.857.142.800
0;1;2;1;61;4;0;FALSE;5.657.037.037.037.030
0;1;2;1;62;1;0;FALSE;6.287.261.904.761.900
0;1;2;1;62;2;0;FALSE;13.907.428.571.428.500
0;1;2;1;62;4;0;FALSE;5.724.351.851.851.850
0;1;2;1;63;1;0;FALSE;628.702.380.952.381
0;1;2;1;63;2;0;FALSE;14.176.285.714.285.700
0;1;2;1;63;4;0;FALSE;5.718.055.555.555.550
0;1;2;1;64;1;0;FALSE;5.601.428.571.428.570
0;1;2;1;64;2;0;FALSE;11.876.357.142.857.100
0;1;2;1;64;4;0;FALSE;4.974.074.074.074.070
0;1;2;1;65;1;0;FALSE;5.863.333.333.333.330
0;1;2;1;65;2;0;FALSE;1317.15
0;1;2;1;65;4;0;FALSE;5.192.037.037.037.030
0;1;2;1;66;1;0;FALSE;5.763.928.571.428.570
0;1;2;1;66;2;0;FALSE;12.995.285.714.285.700
0;1;2;1;66;4;0;FALSE;516.675.925.925.926
0;1;2;1;67;1;0;FALSE;5.985.357.142.857.140
0;1;2;1;67;2;0;FALSE;14.553.785.714.285.700
0;1;2;1;67;4;0;FALSE;542.074.074.074.074
0;1;2;1;68;1;0;FALSE;5.574.285.714.285.710
0;1;2;1;68;2;0;FALSE;11.137.214.285.714.200
0;1;2;1;68;4;0;FALSE;492.25
0;1;2;1;69;1;0;FALSE;5.739.642.857.142.850
0;1;2;1;69;2;0;FALSE;12.087.785.714.285.700
0;1;2;1;69;3;0;FALSE;18.472.142.857.142.800
0;1;2;1;69;4;0;FALSE;5.229.907.407.407.400
0;1;2;1;69;5;0;FALSE;7.630.944.444.444.440
0;1;2;1;70;1;0;TRUE;5.285.357.142.857.140
0;1;2;1;70;1;2;TRUE;5.775.595.238.095.230
0;1;2;1;70;1;3;FALSE;6.303.571.428.571.420
0;1;2;1;70;1;4;FALSE;6.077.857.142.857.140
0;1;2;1;70;2;0;FALSE;12.097.214.285.714.200
0;1;2;1;70;3;0;TRUE;159.65
0;1;2;1;70;3;2;TRUE;154.2
0;1;2;1;70;3;3;FALSE;178.55
0;1;2;1;70;3;4;FALSE;18.457.857.142.857.100
0;1;2;1;70;4;0;TRUE;43.549.074.074.074.000
0;1;2;1;70;4;2;TRUE;4.688.703.703.703.700
0;1;2;1;70;4;3;FALSE;5.616.851.851.851.850
0;1;2;1;70;4;4;FALSE;5.436.574.074.074.070
0;1;2;1;70;5;0;FALSE;7.581.166.666.666.660
0;1;2;1;71;2;0;FALSE;13.412.642.857.142.800
0;1;2;1;71;5;0;FALSE;7.625.222.222.222.220
0;1;2;1;72;2;0;FALSE;12.762.785.714.285.700
0;1;2;1;72;5;0;FALSE;7.445.611.111.111.110
0;1;2;1;73;2;0;FALSE;14.593.357.142.857.100
0;1;2;1;73;5;0;FALSE;7.275.666.666.666.660
0;1;2;1;74;2;0;FALSE;13.931.214.285.714.200
0;1;2;1;74;5;0;FALSE;7.485.722.222.222.220
0;1;2;1;75;2;0;FALSE;15.507.785.714.285.700
0;1;2;1;75;5;0;FALSE;7.355.444.444.444.440
0;1;2;1;76;2;0;FALSE;11.719.714.285.714.200
0;1;2;1;76;5;0;FALSE;7.407.777.777.777.770
0;1;2;1;77;2;0;FALSE;13.096.142.857.142.800
0;1;2;1;77;5;0;FALSE;7.348.444.444.444.440
0;1;2;1;78;2;0;FALSE;13.161.857.142.857.100
0;1;2;1;78;5;0;FALSE;7.361.833.333.333.330
0;1;2;1;79;2;0;FALSE;14.809.214.285.714.200
0;1;2;1;79;5;0;FALSE;7.423.444.444.444.440
0;1;2;1;80;2;0;TRUE;12.650.714.285.714.200
0;1;2;1;80;2;2;TRUE;36.997.857.142.857.100
0;1;2;1;80;2;3;TRUE;1.306.642.857.142.850
0;1;2;1;80;2;4;FALSE;13.861.571.428.571.400
0;1;2;1;80;5;0;TRUE;10.261.666.666.666.600
0;1;2;1;80;5;2;FALSE;7.833.722.222.222.220
0;1;2;1;80;5;3;FALSE;7.826.888.888.888.880
0;1;2;1;80;5;4;TRUE;105.6
0;2;1;0;59;1;0;FALSE;522.525
0;2;1;0;59;4;0;FALSE;4.664.625
0;2;1;0;59;6;0;FALSE;144.525
0;2;1;0;60;1;0;FALSE;447.9
0;2;1;0;60;4;0;FALSE;4.124.125
0;2;1;0;60;6;0;TRUE;93.575
0;2;1;0;60;6;2;TRUE;87.55
0;2;1;0;60;6;3;FALSE;132.325
0;2;1;0;61;1;0;FALSE;468.8
0;2;1;0;61;4;0;FALSE;4.293.125
0;2;1;0;62;1;0;FALSE;476.3
0;2;1;0;62;4;0;FALSE;4.315.625
0;2;1;0;63;1;0;FALSE;471.675
0;2;1;0;63;4;0;FALSE;4.470.125
0;2;1;0;64;1;0;FALSE;394.275
0;2;1;0;64;4;0;FALSE;3.513.625
0;2;1;0;65;1;0;FALSE;410.15
0;2;1;0;65;4;0;FALSE;3.792.375
0;2;1;0;66;1;0;FALSE;399.35
0;2;1;0;66;4;0;FALSE;375.925
0;2;1;0;67;1;0;FALSE;434.025
0;2;1;0;67;4;0;FALSE;406.8
0;2;1;0;68;1;0;FALSE;391.625
0;2;1;0;68;4;0;FALSE;357.725
0;2;1;0;69;1;0;FALSE;411.95
0;2;1;0;69;3;0;FALSE;105.425
0;2;1;0;69;4;0;FALSE;3.953.875
0;2;1;0;70;1;0;TRUE;377.325
0;2;1;0;70;1;2;TRUE;418.6
0;2;1;0;70;1;3;FALSE;446.125
0;2;1;0;70;3;0;TRUE;98.975
0;2;1;0;70;3;2;TRUE;94.275
0;2;1;0;70;3;3;FALSE;100.6
0;2;1;0;70;4;0;TRUE;345.0
0;2;1;0;70;4;2;TRUE;367.0
0;2;1;0;70;4;3;FALSE;420.625
0;2;1;1;59;1;0;FALSE;65.478.125
0;2;1;1;59;4;0;FALSE;5.702.708.333.333.330
0;2;1;1;59;6;0;FALSE;2.571.666.666.666.660
0;2;1;1;60;1;0;FALSE;607.625
0;2;1;1;60;4;0;FALSE;5.447.708.333.333.330
0;2;1;1;60;6;0;TRUE;92.75
0;2;1;1;60;6;2;TRUE;9.597.222.222.222.220
0;2;1;1;60;6;3;FALSE;24.536.111.111.111.100
0;2;1;1;60;6;4;FALSE;230.75
0;2;1;1;61;1;0;FALSE;623.0
0;2;1;1;61;4;0;FALSE;5.500.208.333.333.330
0;2;1;1;62;1;0;FALSE;620.375
0;2;1;1;62;4;0;FALSE;5.514.375
0;2;1;1;63;1;0;FALSE;624.25
0;2;1;1;63;4;0;FALSE;5.500.625
0;2;1;1;64;1;0;FALSE;55.921.875
0;2;1;1;64;4;0;FALSE;4.888.958.333.333.330
0;2;1;1;65;1;0;FALSE;578.25
0;2;1;1;65;4;0;FALSE;4.894.375
0;2;1;1;66;1;0;FALSE;5.684.375
0;2;1;1;66;4;0;FALSE;4.866.458.333.333.330
0;2;1;1;67;1;0;FALSE;6.083.125
0;2;1;1;67;4;0;FALSE;5.265.833.333.333.330
0;2;1;1;68;1;0;FALSE;56.065.625
0;2;1;1;68;4;0;FALSE;4.858.333.333.333.330
0;2;1;1;69;1;0;FALSE;58.190.625
0;2;1;1;69;3;0;FALSE;177.75
0;2;1;1;69;4;0;FALSE;5.125.208.333.333.330
0;2;1;1;69;5;0;FALSE;745.525
0;2;1;1;70;1;0;TRUE;52.340.625
0;2;1;1;70;1;2;TRUE;57.421.875
0;2;1;1;70;1;3;FALSE;60.934.375
0;2;1;1;70;1;4;FALSE;597.875
0;2;1;1;70;3;0;TRUE;15.694.444.444.444.400
0;2;1;1;70;3;2;TRUE;14.897.222.222.222.200
0;2;1;1;70;3;3;FALSE;17.216.666.666.666.600
0;2;1;1;70;3;4;FALSE;18.072.222.222.222.200
0;2;1;1;70;4;0;TRUE;429.125
0;2;1;1;70;4;2;TRUE;4.573.958.333.333.330
0;2;1;1;70;4;3;FALSE;5.630.625
0;2;1;1;70;4;4;FALSE;5.414.583.333.333.330
0;2;1;1;70;5;0;FALSE;756.35
0;2;1;1;71;5;0;FALSE;750.65
0;2;1;1;72;5;0;FALSE;739.6
0;2;1;1;73;5;0;FALSE;727.05
0;2;1;1;74;5;0;FALSE;758.275
0;2;1;1;75;5;0;FALSE;724.4
0;2;1;1;76;5;0;FALSE;736.95
0;2;1;1;77;5;0;FALSE;741.675
0;2;1;1;78;5;0;FALSE;781.25
0;2;1;1;79;5;0;FALSE;736.225
0;2;1;1;80;5;0;TRUE;103.975
0;2;1;1;80;5;2;FALSE;779.025
0;2;1;1;80;5;3;FALSE;771.8
0;2;1;1;80;5;4;TRUE;104.5
0;2;2;0;59;1;0;FALSE;5.114.791.666.666.660
0;2;2;0;59;2;0;FALSE;15.259.107.142.857.100
0;2;2;0;59;4;0;FALSE;4.780.416.666.666.660
0;2;2;0;59;6;0;FALSE;14.430.357.142.857.100
0;2;2;0;60;1;0;FALSE;442.25
0;2;2;0;60;2;0;FALSE;11.352.767.857.142.800
0;2;2;0;60;4;0;FALSE;4.139.375
0;2;2;0;60;6;0;TRUE;9.044.642.857.142.850
0;2;2;0;60;6;2;TRUE;8.558.035.714.285.710
0;2;2;0;60;6;3;FALSE;13.478.571.428.571.400
0;2;2;0;61;1;0;FALSE;4.598.229.166.666.660
0;2;2;0;61;2;0;FALSE;1.283.669.642.857.140
0;2;2;0;61;4;0;FALSE;43.831.944.444.444.400
0;2;2;0;62;1;0;FALSE;45.628.125
0;2;2;0;62;2;0;FALSE;12.462.857.142.857.100
0;2;2;0;62;4;0;FALSE;4.371.875
0;2;2;0;63;1;0;FALSE;46.278.125
0;2;2;0;63;2;0;FALSE;13.024.732.142.857.100
0;2;2;0;63;4;0;FALSE;45.406.944.444.444.400
0;2;2;0;64;1;0;FALSE;3.871.354.166.666.660
0;2;2;0;64;2;0;FALSE;10.011.428.571.428.500
0;2;2;0;64;4;0;FALSE;3.588.611.111.111.110
0;2;2;0;65;1;0;FALSE;4.120.729.166.666.660
0;2;2;0;65;2;0;FALSE;11.016.607.142.857.100
0;2;2;0;65;4;0;FALSE;38.440.277.777.777.700
0;2;2;0;66;1;0;FALSE;389.625
0;2;2;0;66;2;0;FALSE;1.109.482.142.857.140
0;2;2;0;66;4;0;FALSE;38.427.777.777.777.700
0;2;2;0;67;1;0;FALSE;4.205.208.333.333.330
0;2;2;0;67;2;0;FALSE;12.332.767.857.142.800
0;2;2;0;67;4;0;FALSE;4.205.625
0;2;2;0;68;1;0;FALSE;3.836.770.833.333.330
0;2;2;0;68;2;0;FALSE;9.106.964.285.714.280
0;2;2;0;68;4;0;FALSE;36.456.944.444.444.400
0;2;2;0;69;1;0;FALSE;4.089.375
0;2;2;0;69;2;0;FALSE;10.119.642.857.142.800
0;2;2;0;69;3;0;FALSE;11.111.607.142.857.100
0;2;2;0;69;4;0;FALSE;3.940.763.888.888.880
0;2;2;0;70;1;0;TRUE;3.768.229.166.666.660
0;2;2;0;70;1;2;TRUE;4.178.229.166.666.660
0;2;2;0;70;1;3;FALSE;4.483.645.833.333.330
0;2;2;0;70;2;0;FALSE;10.187.142.857.142.800
0;2;2;0;70;3;0;TRUE;10.347.321.428.571.400
0;2;2;0;70;3;2;TRUE;9.651.785.714.285.710
0;2;2;0;70;3;3;FALSE;10.384.821.428.571.400
0;2;2;0;70;4;0;TRUE;3.446.458.333.333.330
0;2;2;0;70;4;2;TRUE;3.699.166.666.666.660
0;2;2;0;70;4;3;FALSE;43.140.277.777.777.700
0;2;2;0;71;2;0;FALSE;11.204.107.142.857.100
0;2;2;0;72;2;0;FALSE;1.082.267.857.142.850
0;2;2;0;73;2;0;FALSE;12.385.267.857.142.800
0;2;2;0;74;2;0;FALSE;11.980.714.285.714.200
0;2;2;0;75;2;0;FALSE;1.337.205.357.142.850
0;2;2;0;76;2;0;FALSE;9.812.410.714.285.710
0;2;2;0;77;2;0;FALSE;1.129.607.142.857.140
0;2;2;0;78;2;0;FALSE;1.101.482.142.857.140
0;2;2;0;79;2;0;FALSE;12.854.107.142.857.100
0;2;2;0;80;2;0;TRUE;11.682.142.857.142.800
0;2;2;0;80;2;2;TRUE;3.119.732.142.857.140
0;2;2;0;80;2;3;TRUE;12.360.714.285.714.200
0;2;2;1;59;1;0;FALSE;6.787.037.037.037.030
0;2;2;1;59;2;0;FALSE;17.060.378.787.878.700
0;2;2;1;59;4;0;FALSE;5.830.763.888.888.880
0;2;2;1;59;6;0;FALSE;2.547.651.515.151.510
0;2;2;1;60;1;0;FALSE;620.5
0;2;2;1;60;2;0;FALSE;13.106.818.181.818.100
0;2;2;1;60;4;0;FALSE;5.559.097.222.222.220
0;2;2;1;60;6;0;TRUE;9.125.757.575.757.570
0;2;2;1;60;6;2;TRUE;9.321.212.121.212.120
0;2;2;1;60;6;3;FALSE;245.25
0;2;2;1;60;6;4;FALSE;22.728.030.303.030.300
0;2;2;1;61;1;0;FALSE;6.418.703.703.703.700
0;2;2;1;61;2;0;FALSE;14.200.454.545.454.500
0;2;2;1;61;4;0;FALSE;5.703.402.777.777.770
0;2;2;1;62;1;0;FALSE;6.382.129.629.629.620
0;2;2;1;62;2;0;FALSE;13.968.484.848.484.800
0;2;2;1;62;4;0;FALSE;5.740.902.777.777.770
0;2;2;1;63;1;0;FALSE;6.440.092.592.592.590
0;2;2;1;63;2;0;FALSE;14.367.954.545.454.500
0;2;2;1;63;4;0;FALSE;5.843.055.555.555.550
0;2;2;1;64;1;0;FALSE;5.698.611.111.111.110
0;2;2;1;64;2;0;FALSE;12.018.181.818.181.800
0;2;2;1;64;4;0;FALSE;49.955.555.555.555.500
0;2;2;1;65;1;0;FALSE;5.966.203.703.703.700
0;2;2;1;65;2;0;FALSE;13.013.030.303.030.300
0;2;2;1;65;4;0;FALSE;5.248.055.555.555.550
0;2;2;1;66;1;0;FALSE;5.816.111.111.111.110
0;2;2;1;66;2;0;FALSE;13.010.530.303.030.300
0;2;2;1;66;4;0;FALSE;50.697.222.222.222.200
0;2;2;1;67;1;0;FALSE;6.196.574.074.074.070
0;2;2;1;67;2;0;FALSE;1.454.280.303.030.300
0;2;2;1;67;4;0;FALSE;5.441.041.666.666.660
0;2;2;1;68;1;0;FALSE;5.747.037.037.037.030
0;2;2;1;68;2;0;FALSE;1.110.780.303.030.300
0;2;2;1;68;4;0;FALSE;5.041.458.333.333.330
0;2;2;1;69;1;0;FALSE;590.574.074.074.074
0;2;2;1;69;2;0;FALSE;12.244.166.666.666.600
0;2;2;1;69;3;0;FALSE;18.620.454.545.454.500
0;2;2;1;69;4;0;FALSE;5.313.402.777.777.770
0;2;2;1;69;5;0;FALSE;7.565.833.333.333.330
0;2;2;1;70;1;0;TRUE;5.487.129.629.629.620
0;2;2;1;70;1;2;TRUE;5.962.870.370.370.370
0;2;2;1;70;1;3;FALSE;6.361.111.111.111.110
0;2;2;1;70;1;4;FALSE;6.292.037.037.037.030
0;2;2;1;70;2;0;FALSE;12.143.257.575.757.500
0;2;2;1;70;3;0;TRUE;16.017.424.242.424.200
0;2;2;1;70;3;2;TRUE;15.441.666.666.666.600
0;2;2;1;70;3;3;FALSE;17.654.545.454.545.400
0;2;2;1;70;3;4;FALSE;1.868.560.606.060.600
0;2;2;1;70;4;0;TRUE;4.434.861.111.111.110
0;2;2;1;70;4;2;TRUE;4.785.208.333.333.330
0;2;2;1;70;4;3;FALSE;5.674.652.777.777.770
0;2;2;1;70;4;4;FALSE;5.520.347.222.222.220
0;2;2;1;70;5;0;FALSE;7.626.388.888.888.880
0;2;2;1;71;2;0;FALSE;13.259.318.181.818.100
0;2;2;1;71;5;0;FALSE;7.602.013.888.888.880
0;2;2;1;72;2;0;FALSE;12.791.742.424.242.400
0;2;2;1;72;5;0;FALSE;7.469.652.777.777.770
0;2;2;1;73;2;0;FALSE;1.451.659.090.909.090
0;2;2;1;73;5;0;FALSE;7.295.902.777.777.770
0;2;2;1;74;2;0;FALSE;1.407.871.212.121.210
0;2;2;1;74;5;0;FALSE;7.582.847.222.222.220
0;2;2;1;75;2;0;FALSE;15.572.045.454.545.400
0;2;2;1;75;5;0;FALSE;7.511.527.777.777.770
0;2;2;1;76;2;0;FALSE;11.851.515.151.515.100
0;2;2;1;76;5;0;FALSE;7.481.736.111.111.110
0;2;2;1;77;2;0;FALSE;13.224.924.242.424.200
0;2;2;1;77;5;0;FALSE;7.559.791.666.666.660
0;2;2;1;78;2;0;FALSE;13.355.454.545.454.500
0;2;2;1;78;5;0;FALSE;7.524.722.222.222.220
0;2;2;1;79;2;0;FALSE;14.946.363.636.363.600
0;2;2;1;79;5;0;FALSE;7.422.361.111.111.110
0;2;2;1;80;2;0;TRUE;129.5
0;2;2;1;80;2;2;TRUE;3.798.939.393.939.390
0;2;2;1;80;2;3;TRUE;1.330.530.303.030.300
0;2;2;1;80;2;4;FALSE;1.396.310.606.060.600
0;2;2;1;80;5;0;TRUE;10.315.972.222.222.200
0;2;2;1;80;5;2;FALSE;7.860.694.444.444.440
0;2;2;1;80;5;3;FALSE;7.933.263.888.888.880
0;2;2;1;80;5;4;TRUE;10.494.444.444.444.400
0;3;1;0;59;1;0;FALSE;537.875
0;3;1;0;59;4;0;FALSE;4.722.083.333.333.330
0;3;1;0;59;6;0;FALSE;137.875
0;3;1;0;60;1;0;FALSE;478.125
0;3;1;0;60;4;0;FALSE;417.375
0;3;1;0;60;6;0;TRUE;93.25
0;3;1;0;60;6;2;TRUE;92.5
0;3;1;0;60;6;3;FALSE;139.125
0;3;1;0;61;1;0;FALSE;456.875
0;3;1;0;61;4;0;FALSE;4.412.916.666.666.660
0;3;1;0;62;1;0;FALSE;473.375
0;3;1;0;62;4;0;FALSE;432.25
0;3;1;0;63;1;0;FALSE;461.5
0;3;1;0;63;4;0;FALSE;4.572.916.666.666.660
0;3;1;0;64;1;0;FALSE;387.0
0;3;1;0;64;4;0;FALSE;3.532.916.666.666.660
0;3;1;0;65;1;0;FALSE;412.125
0;3;1;0;65;4;0;FALSE;378.125
0;3;1;0;66;1;0;FALSE;397.0
0;3;1;0;66;4;0;FALSE;3.746.666.666.666.660
0;3;1;0;67;1;0;FALSE;439.375
0;3;1;0;67;4;0;FALSE;4.154.583.333.333.330
0;3;1;0;68;1;0;FALSE;400.0
0;3;1;0;68;4;0;FALSE;366.875
0;3;1;0;69;1;0;FALSE;416.25
0;3;1;0;69;3;0;FALSE;113.875
0;3;1;0;69;4;0;FALSE;3.938.333.333.333.330
0;3;1;0;70;1;0;TRUE;374.625
0;3;1;0;70;1;2;TRUE;403.0
0;3;1;0;70;1;3;FALSE;457.5
0;3;1;0;70;3;0;TRUE;106.25
0;3;1;0;70;3;2;TRUE;94.0
0;3;1;0;70;3;3;FALSE;97.0
0;3;1;0;70;4;0;TRUE;333.0
0;3;1;0;70;4;2;TRUE;3.610.416.666.666.660
0;3;1;0;70;4;3;FALSE;421.125
0;3;1;1;59;1;0;FALSE;7.064.166.666.666.660
0;3;1;1;59;4;0;FALSE;5.959.166.666.666.660
0;3;1;1;59;6;0;FALSE;24.808.333.333.333.300
0;3;1;1;60;1;0;FALSE;6.260.833.333.333.330
0;3;1;1;60;4;0;FALSE;554.625
0;3;1;1;60;6;0;TRUE;9.258.333.333.333.330
0;3;1;1;60;6;2;TRUE;9.566.666.666.666.660
0;3;1;1;60;6;3;FALSE;2.568.333.333.333.330
0;3;1;1;60;6;4;FALSE;225.25
0;3;1;1;61;1;0;FALSE;672.75
0;3;1;1;61;4;0;FALSE;5.517.083.333.333.330
0;3;1;1;62;1;0;FALSE;6.218.333.333.333.330
0;3;1;1;62;4;0;FALSE;551.375
0;3;1;1;63;1;0;FALSE;6.434.166.666.666.660
0;3;1;1;63;4;0;FALSE;5.812.916.666.666.660
0;3;1;1;64;1;0;FALSE;5.746.666.666.666.660
0;3;1;1;64;4;0;FALSE;495.25
0;3;1;1;65;1;0;FALSE;5.910.833.333.333.330
0;3;1;1;65;4;0;FALSE;502.875
0;3;1;1;66;1;0;FALSE;580.5
0;3;1;1;66;4;0;FALSE;5.129.583.333.333.330
0;3;1;1;67;1;0;FALSE;6.353.333.333.333.330
0;3;1;1;67;4;0;FALSE;531.875
0;3;1;1;68;1;0;FALSE;5.768.333.333.333.330
0;3;1;1;68;4;0;FALSE;4.915.833.333.333.330
0;3;1;1;69;1;0;FALSE;5.808.333.333.333.330
0;3;1;1;69;3;0;FALSE;18.591.666.666.666.600
0;3;1;1;69;4;0;FALSE;5.110.833.333.333.330
0;3;1;1;69;5;0;FALSE;7.481.666.666.666.660
0;3;1;1;70;1;0;TRUE;5.370.833.333.333.330
0;3;1;1;70;1;2;TRUE;5.928.333.333.333.330
0;3;1;1;70;1;3;FALSE;6.449.166.666.666.660
0;3;1;1;70;1;4;FALSE;5.991.666.666.666.660
0;3;1;1;70;3;0;TRUE;15.683.333.333.333.300
0;3;1;1;70;3;2;TRUE;145.75
0;3;1;1;70;3;3;FALSE;178.0
0;3;1;1;70;3;4;FALSE;18.608.333.333.333.300
0;3;1;1;70;4;0;TRUE;4.313.333.333.333.330
0;3;1;1;70;4;2;TRUE;456.25
0;3;1;1;70;4;3;FALSE;5.335.833.333.333.330
0;3;1;1;70;4;4;FALSE;5.472.916.666.666.660
0;3;1;1;70;5;0;FALSE;7.579.166.666.666.660
0;3;1;1;71;5;0;FALSE;755.25
0;3;1;1;72;5;0;FALSE;7.308.333.333.333.330
0;3;1;1;73;5;0;FALSE;7.149.166.666.666.660
0;3;1;1;74;5;0;FALSE;741.0
0;3;1;1;75;5;0;FALSE;7.223.333.333.333.330
0;3;1;1;76;5;0;FALSE;7.044.166.666.666.660
0;3;1;1;77;5;0;FALSE;717.5
0;3;1;1;78;5;0;FALSE;7.418.333.333.333.330
0;3;1;1;79;5;0;FALSE;7.133.333.333.333.330
0;3;1;1;80;5;0;TRUE;10.241.666.666.666.600
0;3;1;1;80;5;2;FALSE;7.556.666.666.666.660
0;3;1;1;80;5;3;FALSE;7.773.333.333.333.330
0;3;1;1;80;5;4;TRUE;10.383.333.333.333.300
0;3;2;0;59;1;0;FALSE;5.216.944.444.444.440
0;3;2;0;59;2;0;FALSE;15.170.833.333.333.300
0;3;2;0;59;4;0;FALSE;4.746.388.888.888.880
0;3;2;0;59;6;0;FALSE;142.5
0;3;2;0;60;1;0;FALSE;441.0
0;3;2;0;60;2;0;FALSE;1.159.638.888.888.880
0;3;2;0;60;4;0;FALSE;4.116.111.111.111.110
0;3;2;0;60;6;0;TRUE;8.869.444.444.444.440
0;3;2;0;60;6;2;TRUE;8.394.444.444.444.440
0;3;2;0;60;6;3;FALSE;13.319.444.444.444.400
0;3;2;0;61;1;0;FALSE;4.596.666.666.666.660
0;3;2;0;61;2;0;FALSE;12.911.666.666.666.600
0;3;2;0;61;4;0;FALSE;4.422.083.333.333.330
0;3;2;0;62;1;0;FALSE;4.734.166.666.666.660
0;3;2;0;62;2;0;FALSE;12.360.833.333.333.300
0;3;2;0;62;4;0;FALSE;4.384.861.111.111.110
0;3;2;0;63;1;0;FALSE;47.530.555.555.555.500
0;3;2;0;63;2;0;FALSE;1.318.361.111.111.110
0;3;2;0;63;4;0;FALSE;45.972.222.222.222.200
0;3;2;0;64;1;0;FALSE;39.052.777.777.777.700
0;3;2;0;64;2;0;FALSE;10.240.277.777.777.700
0;3;2;0;64;4;0;FALSE;3.541.666.666.666.660
0;3;2;0;65;1;0;FALSE;4.131.666.666.666.660
0;3;2;0;65;2;0;FALSE;11.092.777.777.777.700
0;3;2;0;65;4;0;FALSE;38.930.555.555.555.500
0;3;2;0;66;1;0;FALSE;39.630.555.555.555.500
0;3;2;0;66;2;0;FALSE;1.117.138.888.888.880
0;3;2;0;66;4;0;FALSE;3.827.361.111.111.110
0;3;2;0;67;1;0;FALSE;422.0
0;3;2;0;67;2;0;FALSE;12.284.722.222.222.200
0;3;2;0;67;4;0;FALSE;42.009.722.222.222.200
0;3;2;0;68;1;0;FALSE;386.25
0;3;2;0;68;2;0;FALSE;9.013.611.111.111.110
0;3;2;0;68;4;0;FALSE;36.597.222.222.222.200
0;3;2;0;69;1;0;FALSE;4.193.333.333.333.330
0;3;2;0;69;2;0;FALSE;10.152.777.777.777.700
0;3;2;0;69;3;0;FALSE;10.702.777.777.777.700
0;3;2;0;69;4;0;FALSE;4.018.333.333.333.330
0;3;2;0;70;1;0;TRUE;3.764.166.666.666.660
0;3;2;0;70;1;2;TRUE;4.151.388.888.888.880
0;3;2;0;70;1;3;FALSE;442.75
0;3;2;0;70;2;0;FALSE;10.099.166.666.666.600
0;3;2;0;70;3;0;TRUE;9.941.666.666.666.660
0;3;2;0;70;3;2;TRUE;9.627.777.777.777.770
0;3;2;0;70;3;3;FALSE;9.980.555.555.555.550
0;3;2;0;70;4;0;TRUE;3.458.611.111.111.110
0;3;2;0;70;4;2;TRUE;371.875
0;3;2;0;70;4;3;FALSE;4.331.388.888.888.880
0;3;2;0;71;2;0;FALSE;11.236.944.444.444.400
0;3;2;0;72;2;0;FALSE;1.067.611.111.111.110
0;3;2;0;73;2;0;FALSE;12.495.277.777.777.700
0;3;2;0;74;2;0;FALSE;11.894.444.444.444.400
0;3;2;0;75;2;0;FALSE;1342.25
0;3;2;0;76;2;0;FALSE;10.019.444.444.444.400
0;3;2;0;77;2;0;FALSE;11.288.333.333.333.300
0;3;2;0;78;2;0;FALSE;1.107.888.888.888.880
0;3;2;0;79;2;0;FALSE;12.726.944.444.444.400
0;3;2;0;80;2;0;TRUE;11.983.333.333.333.300
0;3;2;0;80;2;2;TRUE;3.165.833.333.333.330
0;3;2;0;80;2;3;TRUE;12.783.333.333.333.300
0;3;2;1;59;1;0;FALSE;688.625
0;3;2;1;59;2;0;FALSE;1.721.236.111.111.110
0;3;2;1;59;4;0;FALSE;5.884.916.666.666.660
0;3;2;1;59;6;0;FALSE;25.952.777.777.777.700
0;3;2;1;60;1;0;FALSE;6.309.166.666.666.660
0;3;2;1;60;2;0;FALSE;13.086.805.555.555.500
0;3;2;1;60;4;0;FALSE;550.225
0;3;2;1;60;6;0;TRUE;9.066.666.666.666.660
0;3;2;1;60;6;2;TRUE;91.625
0;3;2;1;60;6;3;FALSE;24.176.388.888.888.800
0;3;2;1;60;6;4;FALSE;22.608.333.333.333.300
0;3;2;1;61;1;0;FALSE;6.459.722.222.222.220
0;3;2;1;61;2;0;FALSE;14.305.694.444.444.400
0;3;2;1;61;4;0;FALSE;5.668.166.666.666.660
0;3;2;1;62;1;0;FALSE;657.125
0;3;2;1;62;2;0;FALSE;13.906.527.777.777.700
0;3;2;1;62;4;0;FALSE;5.743.916.666.666.660
0;3;2;1;63;1;0;FALSE;6.674.861.111.111.110
0;3;2;1;63;2;0;FALSE;1.448.625
0;3;2;1;63;4;0;FALSE;5.857.666.666.666.660
0;3;2;1;64;1;0;FALSE;5.759.861.111.111.110
0;3;2;1;64;2;0;FALSE;11.954.166.666.666.600
0;3;2;1;64;4;0;FALSE;494.675
0;3;2;1;65;1;0;FALSE;6.111.388.888.888.880
0;3;2;1;65;2;0;FALSE;13.034.722.222.222.200
0;3;2;1;65;4;0;FALSE;515.975
0;3;2;1;66;1;0;FALSE;6.089.722.222.222.220
0;3;2;1;66;2;0;FALSE;13.143.194.444.444.400
0;3;2;1;66;4;0;FALSE;51.090.833.333.333.300
0;3;2;1;67;1;0;FALSE;6.457.222.222.222.220
0;3;2;1;67;2;0;FALSE;14.596.666.666.666.600
0;3;2;1;67;4;0;FALSE;5.480.166.666.666.660
0;3;2;1;68;1;0;FALSE;5.908.472.222.222.220
0;3;2;1;68;2;0;FALSE;1.112.236.111.111.110
0;3;2;1;68;4;0;FALSE;50.398.333.333.333.300
0;3;2;1;69;1;0;FALSE;6.149.861.111.111.110
0;3;2;1;69;2;0;FALSE;1.226.513.888.888.880
0;3;2;1;69;3;0;FALSE;18.988.888.888.888.800
0;3;2;1;69;4;0;FALSE;530.225
0;3;2;1;69;5;0;FALSE;7.579.166.666.666.660
0;3;2;1;70;1;0;TRUE;5.540.416.666.666.660
0;3;2;1;70;1;2;TRUE;6.090.972.222.222.220
0;3;2;1;70;1;3;FALSE;6.426.527.777.777.770
0;3;2;1;70;1;4;FALSE;640.75
0;3;2;1;70;2;0;FALSE;1.231.486.111.111.110
0;3;2;1;70;3;0;TRUE;16.040.277.777.777.700
0;3;2;1;70;3;2;TRUE;15.261.111.111.111.100
0;3;2;1;70;3;3;FALSE;17.668.055.555.555.500
0;3;2;1;70;3;4;FALSE;19.008.333.333.333.300
0;3;2;1;70;4;0;TRUE;444.475
0;3;2;1;70;4;2;TRUE;47.496.666.666.666.600
0;3;2;1;70;4;3;FALSE;5.718.333.333.333.330
0;3;2;1;70;4;4;FALSE;5.573.333.333.333.330
0;3;2;1;70;5;0;FALSE;7.603.611.111.111.110
0;3;2;1;71;2;0;FALSE;1.345.888.888.888.880
0;3;2;1;71;5;0;FALSE;7.612.361.111.111.110
0;3;2;1;72;2;0;FALSE;1.291.125
0;3;2;1;72;5;0;FALSE;7.570.972.222.222.220
0;3;2;1;73;2;0;FALSE;14.800.277.777.777.700
0;3;2;1;73;5;0;FALSE;7.294.305.555.555.550
0;3;2;1;74;2;0;FALSE;1.425.486.111.111.110
0;3;2;1;74;5;0;FALSE;7.474.583.333.333.330
0;3;2;1;75;2;0;FALSE;15.608.055.555.555.500
0;3;2;1;75;5;0;FALSE;756.75
0;3;2;1;76;2;0;FALSE;11.811.944.444.444.400
0;3;2;1;76;5;0;FALSE;7.437.638.888.888.880
0;3;2;1;77;2;0;FALSE;13.249.583.333.333.300
0;3;2;1;77;5;0;FALSE;7.473.055.555.555.550
0;3;2;1;78;2;0;FALSE;13.165.416.666.666.600
0;3;2;1;78;5;0;FALSE;7.407.222.222.222.220
0;3;2;1;79;2;0;FALSE;14.845.555.555.555.500
0;3;2;1;79;5;0;FALSE;7.461.527.777.777.770
0;3;2;1;80;2;0;TRUE;12.743.055.555.555.500
0;3;2;1;80;2;2;TRUE;3.873.888.888.888.880
0;3;2;1;80;2;3;TRUE;13.461.111.111.111.100
0;3;2;1;80;2;4;FALSE;13.948.472.222.222.200
0;3;2;1;80;5;0;TRUE;10.133.333.333.333.300
0;3;2;1;80;5;2;FALSE;798.625
0;3;2;1;80;5;3;FALSE;7.828.888.888.888.880
0;3;2;1;80;5;4;TRUE;10.168.055.555.555.500
1;1;2;0;59;2;0;FALSE;354.783.125
1;1;2;0;59;6;0;FALSE;17.192.291.666.666.600
1;1;2;0;60;2;0;FALSE;24690.5
1;1;2;0;60;6;0;FALSE;11.965.625
1;1;2;0;61;2;0;FALSE;28.678.229.166.666.600
1;1;2;0;61;6;0;FALSE;12.559.583.333.333.300
1;1;2;0;62;2;0;FALSE;27.198.833.333.333.300
1;1;2;0;62;6;0;FALSE;1202.75
1;1;2;0;63;2;0;FALSE;294.080.625
1;1;2;0;63;6;0;FALSE;12.604.375
1;1;2;0;64;2;0;FALSE;21.949.354.166.666.600
1;1;2;0;64;6;0;FALSE;11.683.125
1;1;2;0;65;2;0;FALSE;26.256.458.333.333.300
1;1;2;0;65;6;0;FALSE;1236.5
1;1;2;0;66;2;0;FALSE;253.696.875
1;1;2;0;66;6;0;FALSE;12.798.958.333.333.300
1;1;2;0;67;2;0;FALSE;29.925.041.666.666.600
1;1;2;0;67;6;0;FALSE;14.837.916.666.666.600
1;1;2;0;68;2;0;FALSE;19.271.291.666.666.600
1;1;2;0;68;6;0;FALSE;10.787.708.333.333.300
1;1;2;0;69;2;0;FALSE;22848.75
1;1;2;0;69;3;0;FALSE;4.658.541.666.666.660
1;1;2;0;69;6;0;FALSE;11.059.375
1;1;2;0;70;2;0;FALSE;219.919.375
1;1;2;0;70;3;0;FALSE;4.767.708.333.333.330
1;1;2;0;70;6;0;FALSE;11.651.875
1;1;2;0;71;2;0;FALSE;25994.0
1;1;2;0;71;3;0;FALSE;444.125
1;1;2;0;71;6;0;FALSE;1.328.125
1;1;2;0;72;2;0;FALSE;24.081.770.833.333.300
1;1;2;0;72;3;0;FALSE;4.622.708.333.333.330
1;1;2;0;72;6;0;FALSE;12.684.791.666.666.600
1;1;2;0;73;2;0;FALSE;29.144.604.166.666.600
1;1;2;0;73;3;0;FALSE;4.311.875
1;1;2;0;73;6;0;FALSE;14.093.958.333.333.300
1;1;2;0;74;2;0;FALSE;275.019.375
1;1;2;0;74;3;0;FALSE;4.675.625
1;1;2;0;74;6;0;FALSE;13.529.583.333.333.300
1;1;2;0;75;2;0;FALSE;31956.75
1;1;2;0;75;3;0;FALSE;442.375
1;1;2;0;75;6;0;FALSE;15.735.625
1;1;2;0;76;2;0;FALSE;204.634.375
1;1;2;0;76;3;0;FALSE;4.807.916.666.666.660
1;1;2;0;76;6;0;FALSE;11.280.208.333.333.300
1;1;2;0;77;2;0;FALSE;25.185.479.166.666.600
1;1;2;0;77;3;0;FALSE;4.378.333.333.333.330
1;1;2;0;77;6;0;FALSE;12.506.041.666.666.600
1;1;2;0;78;2;0;FALSE;23.841.145.833.333.300
1;1;2;0;78;3;0;FALSE;4.780.833.333.333.330
1;1;2;0;78;6;0;FALSE;12.173.125
1;1;2;0;79;2;0;FALSE;28.590.208.333.333.300
1;1;2;0;79;3;0;FALSE;4.430.416.666.666.660
1;1;2;0;79;6;0;FALSE;14.073.333.333.333.300
1;1;2;0;80;2;0;TRUE;5.465.270.833.333.330
1;1;2;0;80;2;1;TRUE;59.274.375
1;1;2;0;80;2;2;FALSE;27.858.770.833.333.300
1;1;2;0;80;2;3;FALSE;29.312.479.166.666.600
1;1;2;0;80;3;0;TRUE;9.233.333.333.333.330
1;1;2;0;80;3;1;TRUE;9.135.416.666.666.660
1;1;2;0;80;3;2;FALSE;4.777.083.333.333.330
1;1;2;0;80;3;3;FALSE;4.704.166.666.666.660
1;1;2;0;80;6;0;TRUE;3.330.208.333.333.330
1;1;2;0;80;6;1;TRUE;3.359.375
1;1;2;0;80;6;2;FALSE;13.945.833.333.333.300
1;1;2;0;80;6;3;FALSE;1.434.625
1;1;2;1;59;2;0;FALSE;4.035.388.888.888.880
1;1;2;1;59;6;0;FALSE;4.476.416.666.666.660
1;1;2;1;60;2;0;FALSE;2.817.011.111.111.110
1;1;2;1;60;6;0;FALSE;34.073.333.333.333.300
1;1;2;1;61;2;0;FALSE;3.129.238.888.888.880
1;1;2;1;61;6;0;FALSE;3.331.222.222.222.220
1;1;2;1;62;2;0;FALSE;30.704.222.222.222.200
1;1;2;1;62;6;0;FALSE;3.418.722.222.222.220
1;1;2;1;63;2;0;FALSE;32.320.666.666.666.600
1;1;2;1;63;6;0;FALSE;33.044.166.666.666.600
1;1;2;1;64;2;0;FALSE;27.020.277.777.777.700
1;1;2;1;64;6;0;FALSE;32.438.333.333.333.300
1;1;2;1;65;2;0;FALSE;31.143.472.222.222.200
1;1;2;1;65;6;0;FALSE;3.505.777.777.777.770
1;1;2;1;66;2;0;FALSE;30.776.722.222.222.200
1;1;2;1;66;6;0;FALSE;36.305.833.333.333.300
1;1;2;1;67;2;0;FALSE;35.298.805.555.555.500
1;1;2;1;67;6;0;FALSE;39.969.444.444.444.400
1;1;2;1;68;2;0;FALSE;24.020.194.444.444.400
1;1;2;1;68;6;0;FALSE;30.081.388.888.888.800
1;1;2;1;69;2;0;FALSE;27.255.555.555.555.500
1;1;2;1;69;3;0;FALSE;15.603.055.555.555.500
1;1;2;1;69;5;0;FALSE;8.812.222.222.222.220
1;1;2;1;69;6;0;FALSE;3.094.972.222.222.220
1;1;2;1;70;2;0;FALSE;2.699.963.888.888.880
1;1;2;1;70;3;0;FALSE;15.570.555.555.555.500
1;1;2;1;70;5;0;FALSE;8872.25
1;1;2;1;70;6;0;FALSE;31.364.166.666.666.600
1;1;2;1;71;2;0;FALSE;3.114.161.111.111.110
1;1;2;1;71;3;0;FALSE;15.229.444.444.444.400
1;1;2;1;71;5;0;FALSE;8.882.138.888.888.880
1;1;2;1;71;6;0;FALSE;35.985.555.555.555.500
1;1;2;1;72;2;0;FALSE;29333.25
1;1;2;1;72;3;0;FALSE;15.215.555.555.555.500
1;1;2;1;72;5;0;FALSE;8.841.111.111.111.110
1;1;2;1;72;6;0;FALSE;3.397.222.222.222.220
1;1;2;1;73;2;0;FALSE;3.466.822.222.222.220
1;1;2;1;73;3;0;FALSE;13.178.333.333.333.300
1;1;2;1;73;5;0;FALSE;8.684.027.777.777.770
1;1;2;1;73;6;0;FALSE;38.983.888.888.888.800
1;1;2;1;74;2;0;FALSE;32.808.083.333.333.300
1;1;2;1;74;3;0;FALSE;15.069.444.444.444.400
1;1;2;1;74;5;0;FALSE;8.988.388.888.888.880
1;1;2;1;74;6;0;FALSE;37.058.055.555.555.500
1;1;2;1;75;2;0;FALSE;37.421.166.666.666.600
1;1;2;1;75;3;0;FALSE;1392.25
1;1;2;1;75;5;0;FALSE;8.798.722.222.222.220
1;1;2;1;75;6;0;FALSE;4.176.805.555.555.550
1;1;2;1;76;2;0;FALSE;25.194.555.555.555.500
1;1;2;1;76;3;0;FALSE;15.370.555.555.555.500
1;1;2;1;76;5;0;FALSE;8.792.972.222.222.220
1;1;2;1;76;6;0;FALSE;3098.5
1;1;2;1;77;2;0;FALSE;29.798.027.777.777.700
1;1;2;1;77;3;0;FALSE;1.323.611.111.111.110
1;1;2;1;77;5;0;FALSE;8.758.444.444.444.440
1;1;2;1;77;6;0;FALSE;3379.25
1;1;2;1;78;2;0;FALSE;28.727.222.222.222.200
1;1;2;1;78;3;0;FALSE;15.297.777.777.777.700
1;1;2;1;78;5;0;FALSE;8.900.583.333.333.330
1;1;2;1;78;6;0;FALSE;33.216.388.888.888.800
1;1;2;1;79;2;0;FALSE;33.975.333.333.333.300
1;1;2;1;79;3;0;FALSE;14.619.166.666.666.600
1;1;2;1;79;5;0;FALSE;8.895.416.666.666.660
1;1;2;1;79;6;0;FALSE;37.828.333.333.333.300
1;1;2;1;80;2;0;TRUE;6.619.138.888.888.880
1;1;2;1;80;2;1;TRUE;6.903.833.333.333.330
1;1;2;1;80;2;2;FALSE;3.347.613.888.888.880
1;1;2;1;80;2;3;FALSE;35103.25
1;1;2;1;80;2;4;FALSE;3.100.586.111.111.110
1;1;2;1;80;3;0;TRUE;11.594.444.444.444.400
1;1;2;1;80;3;1;TRUE;11.566.666.666.666.600
1;1;2;1;80;3;2;FALSE;14.619.444.444.444.400
1;1;2;1;80;3;3;FALSE;1.380.361.111.111.110
1;1;2;1;80;3;4;FALSE;15.565.555.555.555.500
1;1;2;1;80;5;0;FALSE;8.744.083.333.333.330
1;1;2;1;80;6;0;TRUE;8.431.944.444.444.440
1;1;2;1;80;6;1;TRUE;8.828.888.888.888.880
1;1;2;1;80;6;2;FALSE;37.541.388.888.888.800
1;1;2;1;80;6;3;FALSE;38.721.944.444.444.400
1;1;2;1;80;6;4;FALSE;3535.5
1;1;2;1;81;5;0;FALSE;8.469.611.111.111.110
1;1;2;1;82;5;0;FALSE;8.772.416.666.666.660
1;1;2;1;83;5;0;FALSE;8.603.527.777.777.770
1;1;2;1;84;5;0;FALSE;8.788.916.666.666.660
1;1;2;1;85;5;0;FALSE;8.452.833.333.333.330
1;1;2;1;86;5;0;FALSE;8.802.611.111.111.110
1;1;2;1;87;5;0;FALSE;8.622.666.666.666.660
1;1;2;1;88;5;0;FALSE;8.761.166.666.666.660
1;1;2;1;89;5;0;FALSE;8.645.388.888.888.880
1;1;2;1;90;5;0;TRUE;8.188.888.888.888.880
1;1;2;1;90;5;1;TRUE;14.330.277.777.777.700
1;1;2;1;90;5;2;FALSE;10.424.472.222.222.200
1;1;2;1;90;5;3;FALSE;9.327.916.666.666.660
1;1;2;1;90;5;4;TRUE;8.472.222.222.222.220
1;2;2;0;59;1;0;FALSE;15.105.916.666.666.600
1;2;2;0;59;2;0;FALSE;35.231.433.333.333.300
1;2;2;0;59;4;0;FALSE;9.518.333.333.333.330
1;2;2;0;59;6;0;FALSE;1703.1
1;2;2;0;60;1;0;FALSE;10.599.277.777.777.700
1;2;2;0;60;2;0;FALSE;24.628.883.333.333.300
1;2;2;0;60;4;0;FALSE;8.823.333.333.333.330
1;2;2;0;60;6;0;FALSE;11.687.166.666.666.600
1;2;2;0;61;1;0;FALSE;12.062.361.111.111.100
1;2;2;0;61;2;0;FALSE;28.386.733.333.333.300
1;2;2;0;61;4;0;FALSE;9.271.944.444.444.440
1;2;2;0;61;6;0;FALSE;1241.9
1;2;2;0;62;1;0;FALSE;11.614.972.222.222.200
1;2;2;0;62;2;0;FALSE;27.104.533.333.333.300
1;2;2;0;62;4;0;FALSE;9.214.722.222.222.220
1;2;2;0;62;6;0;FALSE;12.178.833.333.333.300
1;2;2;0;63;1;0;FALSE;12.824.388.888.888.800
1;2;2;0;63;2;0;FALSE;29260.85
1;2;2;0;63;4;0;FALSE;9.521.388.888.888.880
1;2;2;0;63;6;0;FALSE;1215.6
1;2;2;0;64;1;0;FALSE;9.324.944.444.444.440
1;2;2;0;64;2;0;FALSE;21.867.433.333.333.300
1;2;2;0;64;4;0;FALSE;7.370.555.555.555.550
1;2;2;0;64;6;0;FALSE;1151.7
1;2;2;0;65;1;0;FALSE;11.079.166.666.666.600
1;2;2;0;65;2;0;FALSE;26.133.133.333.333.300
1;2;2;0;65;4;0;FALSE;7.954.166.666.666.660
1;2;2;0;65;6;0;FALSE;12.432.166.666.666.600
1;2;2;0;66;1;0;FALSE;10.866.777.777.777.700
1;2;2;0;66;2;0;FALSE;25322.6
1;2;2;0;66;4;0;FALSE;7.906.944.444.444.440
1;2;2;0;66;6;0;FALSE;12.676.333.333.333.300
1;2;2;0;67;1;0;FALSE;12.906.527.777.777.700
1;2;2;0;67;2;0;FALSE;29747.25
1;2;2;0;67;4;0;FALSE;8.346.111.111.111.110
1;2;2;0;67;6;0;FALSE;14.722.666.666.666.600
1;2;2;0;68;1;0;FALSE;8.803.194.444.444.440
1;2;2;0;68;2;0;FALSE;19010.85
1;2;2;0;68;4;0;FALSE;7.388.888.888.888.880
1;2;2;0;68;6;0;FALSE;10.653.833.333.333.300
1;2;2;0;69;1;0;FALSE;10.437.833.333.333.300
1;2;2;0;69;2;0;FALSE;22.603.083.333.333.300
1;2;2;0;69;3;0;FALSE;45.528.333.333.333.300
1;2;2;0;69;4;0;FALSE;8.242.222.222.222.220
1;2;2;0;69;6;0;FALSE;11.024.666.666.666.600
1;2;2;0;70;1;0;FALSE;10.025.777.777.777.700
1;2;2;0;70;2;0;FALSE;21.829.183.333.333.300
1;2;2;0;70;3;0;FALSE;47.351.666.666.666.600
1;2;2;0;70;4;0;TRUE;40.394.444.444.444.400
1;2;2;0;70;4;1;FALSE;908.25
1;2;2;0;70;4;2;TRUE;46.244.444.444.444.400
1;2;2;0;70;4;3;FALSE;9.376.666.666.666.660
1;2;2;0;70;6;0;FALSE;1166.95
1;2;2;0;71;1;0;FALSE;11.753.944.444.444.400
1;2;2;0;71;2;0;FALSE;25.648.316.666.666.600
1;2;2;0;71;3;0;FALSE;4.348.333.333.333.330
1;2;2;0;71;6;0;FALSE;1305.0
1;2;2;0;72;1;0;FALSE;10487.5
1;2;2;0;72;2;0;FALSE;23.891.516.666.666.600
1;2;2;0;72;3;0;FALSE;45.668.333.333.333.300
1;2;2;0;72;6;0;FALSE;12.270.666.666.666.600
1;2;2;0;73;1;0;FALSE;12.919.166.666.666.600
1;2;2;0;73;2;0;FALSE;28885.4
1;2;2;0;73;3;0;FALSE;414.85
1;2;2;0;73;6;0;FALSE;1391.7
1;2;2;0;74;1;0;FALSE;12.246.888.888.888.800
1;2;2;0;74;2;0;FALSE;27.252.783.333.333.300
1;2;2;0;74;3;0;FALSE;455.9
1;2;2;0;74;6;0;FALSE;13.248.833.333.333.300
1;2;2;0;75;1;0;FALSE;14.634.222.222.222.200
1;2;2;0;75;2;0;FALSE;31755.55
1;2;2;0;75;3;0;FALSE;427.35
1;2;2;0;75;6;0;FALSE;1568.15
1;2;2;0;76;1;0;FALSE;9.649.305.555.555.550
1;2;2;0;76;2;0;FALSE;20316.65
1;2;2;0;76;3;0;FALSE;460.05
1;2;2;0;76;6;0;FALSE;1124.8
1;2;2;0;77;1;0;FALSE;11.680.277.777.777.700
1;2;2;0;77;2;0;FALSE;24.790.216.666.666.600
1;2;2;0;77;3;0;FALSE;42.228.333.333.333.300
1;2;2;0;77;6;0;FALSE;1224.9
1;2;2;0;78;1;0;FALSE;11226.25
1;2;2;0;78;2;0;FALSE;23479.0
1;2;2;0;78;3;0;FALSE;47.198.333.333.333.300
1;2;2;0;78;6;0;FALSE;11.915.833.333.333.300
1;2;2;0;79;1;0;FALSE;13.372.083.333.333.300
1;2;2;0;79;2;0;FALSE;28.241.266.666.666.600
1;2;2;0;79;3;0;FALSE;434.45
1;2;2;0;79;6;0;FALSE;1377.25
1;2;2;0;80;1;0;FALSE;10.009.222.222.222.200
1;2;2;0;80;2;0;TRUE;5507.5
1;2;2;0;80;2;1;TRUE;5.922.533.333.333.330
1;2;2;0;80;2;2;FALSE;27.633.433.333.333.300
1;2;2;0;80;2;3;FALSE;29100.45
1;2;2;0;80;3;0;TRUE;91.1
1;2;2;0;80;3;1;TRUE;8.688.333.333.333.330
1;2;2;0;80;3;2;FALSE;472.35
1;2;2;0;80;3;3;FALSE;4.658.333.333.333.330
1;2;2;0;80;6;0;TRUE;324.35
1;2;2;0;80;6;1;TRUE;334.1
1;2;2;0;80;6;2;FALSE;1372.45
1;2;2;0;80;6;3;FALSE;14.221.333.333.333.300
1;2;2;0;81;1;0;FALSE;12.243.333.333.333.300
1;2;2;0;82;1;0;FALSE;12.013.694.444.444.400
1;2;2;0;83;1;0;FALSE;13.958.722.222.222.200
1;2;2;0;84;1;0;FALSE;9.265.694.444.444.440
1;2;2;0;85;1;0;FALSE;11.109.944.444.444.400
1;2;2;0;86;1;0;FALSE;10.743.111.111.111.100
1;2;2;0;87;1;0;FALSE;12.694.277.777.777.700
1;2;2;0;88;1;0;FALSE;10.967.305.555.555.500
1;2;2;0;89;1;0;FALSE;12.809.388.888.888.800
1;2;2;0;90;1;0;TRUE;22.994.444.444.444.400
1;2;2;0;90;1;1;TRUE;5.484.194.444.444.440
1;2;2;0;90;1;2;TRUE;24.802.777.777.777.700
1;2;2;0;90;1;3;FALSE;14.678.444.444.444.400
1;2;2;1;59;1;0;FALSE;21.354.875
1;2;2;1;59;2;0;FALSE;40048.25
1;2;2;1;59;4;0;FALSE;1.250.375
1;2;2;1;59;6;0;FALSE;4.488.309.523.809.520
1;2;2;1;60;1;0;FALSE;16.957.666.666.666.600
1;2;2;1;60;2;0;FALSE;28.181.654.761.904.700
1;2;2;1;60;4;0;FALSE;12.051.458.333.333.300
1;2;2;1;60;6;0;FALSE;33.103.690.476.190.400
1;2;2;1;61;1;0;FALSE;17.870.708.333.333.300
1;2;2;1;61;2;0;FALSE;31158.75
1;2;2;1;61;4;0;FALSE;12.002.083.333.333.300
1;2;2;1;61;6;0;FALSE;33.082.380.952.380.900
1;2;2;1;62;1;0;FALSE;17.725.583.333.333.300
1;2;2;1;62;2;0;FALSE;3.050.629.761.904.760
1;2;2;1;62;4;0;FALSE;12.157.916.666.666.600
1;2;2;1;62;6;0;FALSE;34.051.190.476.190.400
1;2;2;1;63;1;0;FALSE;18380.0
1;2;2;1;63;2;0;FALSE;3.194.102.380.952.380
1;2;2;1;63;4;0;FALSE;12.023.958.333.333.300
1;2;2;1;63;6;0;FALSE;32.891.190.476.190.400
1;2;2;1;64;1;0;FALSE;15.591.791.666.666.600
1;2;2;1;64;2;0;FALSE;26.735.916.666.666.600
1;2;2;1;64;4;0;FALSE;10.450.625
1;2;2;1;64;6;0;FALSE;32.333.690.476.190.400
1;2;2;1;65;1;0;FALSE;17.312.208.333.333.300
1;2;2;1;65;2;0;FALSE;30.919.059.523.809.500
1;2;2;1;65;4;0;FALSE;11.221.041.666.666.600
1;2;2;1;65;6;0;FALSE;3484.25
1;2;2;1;66;1;0;FALSE;17.394.375
1;2;2;1;66;2;0;FALSE;30.479.690.476.190.400
1;2;2;1;66;4;0;FALSE;10.857.916.666.666.600
1;2;2;1;66;6;0;FALSE;35.333.809.523.809.500
1;2;2;1;67;1;0;FALSE;19236.75
1;2;2;1;67;2;0;FALSE;3.529.002.380.952.380
1;2;2;1;67;4;0;FALSE;11.695.833.333.333.300
1;2;2;1;67;6;0;FALSE;40.027.619.047.619.000
1;2;2;1;68;1;0;FALSE;14.948.958.333.333.300
1;2;2;1;68;2;0;FALSE;23.673.714.285.714.200
1;2;2;1;68;4;0;FALSE;10.634.583.333.333.300
1;2;2;1;68;6;0;FALSE;2.943.964.285.714.280
1;2;2;1;69;1;0;FALSE;16.339.395.833.333.300
1;2;2;1;69;2;0;FALSE;2.716.222.619.047.610
1;2;2;1;69;3;0;FALSE;15.189.642.857.142.800
1;2;2;1;69;4;0;FALSE;11.152.916.666.666.600
1;2;2;1;69;5;0;FALSE;8.747.297.619.047.610
1;2;2;1;69;6;0;FALSE;30.667.023.809.523.800
1;2;2;1;70;1;0;FALSE;16.229.916.666.666.600
1;2;2;1;70;2;0;FALSE;26.857.666.666.666.600
1;2;2;1;70;3;0;FALSE;1.506.702.380.952.380
1;2;2;1;70;4;0;TRUE;509.75
1;2;2;1;70;4;1;FALSE;11.859.583.333.333.300
1;2;2;1;70;4;2;TRUE;5.527.916.666.666.660
1;2;2;1;70;4;3;FALSE;12.332.291.666.666.600
1;2;2;1;70;4;4;FALSE;11.876.875
1;2;2;1;70;5;0;FALSE;8.981.309.523.809.520
1;2;2;1;70;6;0;FALSE;3.139.214.285.714.280
1;2;2;1;71;1;0;FALSE;17.921.520.833.333.300
1;2;2;1;71;2;0;FALSE;31.048.654.761.904.700
1;2;2;1;71;3;0;FALSE;14.607.380.952.380.900
1;2;2;1;71;5;0;FALSE;8.829.785.714.285.710
1;2;2;1;71;6;0;FALSE;35.720.119.047.619.000
1;2;2;1;72;1;0;FALSE;171.334.375
1;2;2;1;72;2;0;FALSE;2.898.960.714.285.710
1;2;2;1;72;3;0;FALSE;14.802.738.095.238.000
1;2;2;1;72;5;0;FALSE;8.858.630.952.380.950
1;2;2;1;72;6;0;FALSE;34.443.928.571.428.500
1;2;2;1;73;1;0;FALSE;19.513.375
1;2;2;1;73;2;0;FALSE;3.432.772.619.047.610
1;2;2;1;73;3;0;FALSE;12.975.119.047.619.000
1;2;2;1;73;5;0;FALSE;8.621.404.761.904.760
1;2;2;1;73;6;0;FALSE;38.303.690.476.190.400
1;2;2;1;74;1;0;FALSE;19.059.166.666.666.600
1;2;2;1;74;2;0;FALSE;3.280.453.571.428.570
1;2;2;1;74;3;0;FALSE;14.770.595.238.095.200
1;2;2;1;74;5;0;FALSE;8958.75
1;2;2;1;74;6;0;FALSE;37.345.833.333.333.300
1;2;2;1;75;1;0;FALSE;21.215.104.166.666.600
1;2;2;1;75;2;0;FALSE;3.738.852.380.952.380
1;2;2;1;75;3;0;FALSE;13.617.261.904.761.900
1;2;2;1;75;5;0;FALSE;8.815.285.714.285.710
1;2;2;1;75;6;0;FALSE;4.192.309.523.809.520
1;2;2;1;76;1;0;FALSE;15.996.916.666.666.600
1;2;2;1;76;2;0;FALSE;25.032.928.571.428.500
1;2;2;1;76;3;0;FALSE;14.998.095.238.095.200
1;2;2;1;76;5;0;FALSE;886.492.857.142.857
1;2;2;1;76;6;0;FALSE;30.902.261.904.761.900
1;2;2;1;77;1;0;FALSE;17.889.270.833.333.300
1;2;2;1;77;2;0;FALSE;29.347.095.238.095.200
1;2;2;1;77;3;0;FALSE;13.059.761.904.761.900
1;2;2;1;77;5;0;FALSE;8.737.761.904.761.900
1;2;2;1;77;6;0;FALSE;33.621.309.523.809.500
1;2;2;1;78;1;0;FALSE;17.562.354.166.666.600
1;2;2;1;78;2;0;FALSE;28.582.166.666.666.600
1;2;2;1;78;3;0;FALSE;1.496.654.761.904.760
1;2;2;1;78;5;0;FALSE;8.956.547.619.047.610
1;2;2;1;78;6;0;FALSE;33.173.333.333.333.300
1;2;2;1;79;1;0;FALSE;19.533.479.166.666.600
1;2;2;1;79;2;0;FALSE;3.353.594.047.619.040
1;2;2;1;79;3;0;FALSE;1.428.654.761.904.760
1;2;2;1;79;5;0;FALSE;887.252.380.952.381
1;2;2;1;79;6;0;FALSE;37.869.166.666.666.600
1;2;2;1;80;1;0;FALSE;16.578.666.666.666.600
1;2;2;1;80;2;0;TRUE;6.498.678.571.428.570
1;2;2;1;80;2;1;TRUE;6.873.357.142.857.140
1;2;2;1;80;2;2;FALSE;3.303.651.190.476.190
1;2;2;1;80;2;3;FALSE;3.473.978.571.428.570
1;2;2;1;80;2;4;FALSE;30.918.011.904.761.900
1;2;2;1;80;3;0;TRUE;11.552.380.952.380.900
1;2;2;1;80;3;1;TRUE;11.311.904.761.904.700
1;2;2;1;80;3;2;FALSE;14.106.904.761.904.700
1;2;2;1;80;3;3;FALSE;1.344.845.238.095.230
1;2;2;1;80;3;4;FALSE;1.517.904.761.904.760
1;2;2;1;80;5;0;FALSE;8.803.607.142.857.140
1;2;2;1;80;6;0;TRUE;8.208.214.285.714.280
1;2;2;1;80;6;1;TRUE;8.693.690.476.190.470
1;2;2;1;80;6;2;FALSE;37.665.714.285.714.200
1;2;2;1;80;6;3;FALSE;39.028.809.523.809.500
1;2;2;1;80;6;4;FALSE;3.522.535.714.285.710
1;2;2;1;81;1;0;FALSE;184.195.625
1;2;2;1;81;5;0;FALSE;8.581.642.857.142.850
1;2;2;1;82;1;0;FALSE;18.776.541.666.666.600
1;2;2;1;82;5;0;FALSE;8.835.535.714.285.710
1;2;2;1;83;1;0;FALSE;20.564.229.166.666.600
1;2;2;1;83;5;0;FALSE;8.636.142.857.142.850
1;2;2;1;84;1;0;FALSE;15.453.645.833.333.300
1;2;2;1;84;5;0;FALSE;8.829.809.523.809.520
1;2;2;1;85;1;0;FALSE;16.927.208.333.333.300
1;2;2;1;85;5;0;FALSE;8.580.047.619.047.610
1;2;2;1;86;1;0;FALSE;17.082.958.333.333.300
1;2;2;1;86;5;0;FALSE;8.876.035.714.285.710
1;2;2;1;87;1;0;FALSE;19.013.916.666.666.600
1;2;2;1;87;5;0;FALSE;8.657.702.380.952.380
1;2;2;1;88;1;0;FALSE;17.723.729.166.666.600
1;2;2;1;88;5;0;FALSE;8.813.011.904.761.900
1;2;2;1;89;1;0;FALSE;19.083.833.333.333.300
1;2;2;1;89;5;0;FALSE;8.585.392.857.142.850
1;2;2;1;90;1;0;TRUE;3.096.666.666.666.660
1;2;2;1;90;1;1;TRUE;85.953.125
1;2;2;1;90;1;2;TRUE;3.209.791.666.666.660
1;2;2;1;90;1;3;FALSE;22.622.479.166.666.600
1;2;2;1;90;1;4;FALSE;203.208.125
1;2;2;1;90;5;0;TRUE;8.505.952.380.952.380
1;2;2;1;90;5;1;TRUE;1.434.702.380.952.380
1;2;2;1;90;5;2;FALSE;1.032.202.380.952.380
1;2;2;1;90;5;3;FALSE;935.227.380.952.381
1;2;2;1;90;5;4;TRUE;8.433.333.333.333.330
1;3;2;0;59;1;0;FALSE;15.616.472.222.222.200
1;3;2;0;59;2;0;FALSE;3.554.036.111.111.110
1;3;2;0;59;4;0;FALSE;9.555.833.333.333.330
1;3;2;0;59;6;0;FALSE;16.695.277.777.777.700
1;3;2;0;60;1;0;FALSE;11.175.388.888.888.800
1;3;2;0;60;2;0;FALSE;24.691.583.333.333.300
1;3;2;0;60;4;0;FALSE;8.654.166.666.666.660
1;3;2;0;60;6;0;FALSE;11.514.444.444.444.400
1;3;2;0;61;1;0;FALSE;12.617.861.111.111.100
1;3;2;0;61;2;0;FALSE;28.355.416.666.666.600
1;3;2;0;61;4;0;FALSE;9.428.333.333.333.330
1;3;2;0;61;6;0;FALSE;12.023.055.555.555.500
1;3;2;0;62;1;0;FALSE;12.199.222.222.222.200
1;3;2;0;62;2;0;FALSE;27.208.777.777.777.700
1;3;2;0;62;4;0;FALSE;8.953.541.666.666.660
1;3;2;0;62;6;0;FALSE;1187.0
1;3;2;0;63;1;0;FALSE;13.551.111.111.111.100
1;3;2;0;63;2;0;FALSE;29315.25
1;3;2;0;63;4;0;FALSE;9.372.083.333.333.330
1;3;2;0;63;6;0;FALSE;11.899.722.222.222.200
1;3;2;0;64;1;0;FALSE;9.836.805.555.555.550
1;3;2;0;64;2;0;FALSE;22089.0
1;3;2;0;64;4;0;FALSE;7.322.708.333.333.330
1;3;2;0;64;6;0;FALSE;11.288.333.333.333.300
1;3;2;0;65;1;0;FALSE;11.583.444.444.444.400
1;3;2;0;65;2;0;FALSE;26.265.805.555.555.500
1;3;2;0;65;4;0;FALSE;7.821.458.333.333.330
1;3;2;0;65;6;0;FALSE;1.176.361.111.111.110
1;3;2;0;66;1;0;FALSE;11.422.277.777.777.700
1;3;2;0;66;2;0;FALSE;25.321.305.555.555.500
1;3;2;0;66;4;0;FALSE;7.831.875
1;3;2;0;66;6;0;FALSE;12.203.055.555.555.500
1;3;2;0;67;1;0;FALSE;13531.25
1;3;2;0;67;2;0;FALSE;29.873.527.777.777.700
1;3;2;0;67;4;0;FALSE;8.339.583.333.333.330
1;3;2;0;67;6;0;FALSE;1.416.888.888.888.880
1;3;2;0;68;1;0;FALSE;9.286.666.666.666.660
1;3;2;0;68;2;0;FALSE;19.076.694.444.444.400
1;3;2;0;68;4;0;FALSE;7.281.875
1;3;2;0;68;6;0;FALSE;10.461.944.444.444.400
1;3;2;0;69;1;0;FALSE;11.055.888.888.888.800
1;3;2;0;69;2;0;FALSE;2.269.761.111.111.110
1;3;2;0;69;3;0;FALSE;443.25
1;3;2;0;69;4;0;FALSE;8.023.333.333.333.330
1;3;2;0;69;6;0;FALSE;1.052.611.111.111.110
1;3;2;0;70;1;0;FALSE;10.450.527.777.777.700
1;3;2;0;70;2;0;FALSE;21.929.416.666.666.600
1;3;2;0;70;3;0;FALSE;46.597.222.222.222.200
1;3;2;0;70;4;0;TRUE;3.959.166.666.666.660
1;3;2;0;70;4;1;FALSE;8.800.208.333.333.330
1;3;2;0;70;4;2;TRUE;441.625
1;3;2;0;70;4;3;FALSE;878.125
1;3;2;0;70;6;0;FALSE;11.105.833.333.333.300
1;3;2;0;71;1;0;FALSE;12458.0
1;3;2;0;71;2;0;FALSE;2.593.936.111.111.110
1;3;2;0;71;3;0;FALSE;42.827.777.777.777.700
1;3;2;0;71;6;0;FALSE;1.260.638.888.888.880
1;3;2;0;72;1;0;FALSE;11022.75
1;3;2;0;72;2;0;FALSE;24.071.833.333.333.300
1;3;2;0;72;3;0;FALSE;469.25
1;3;2;0;72;6;0;FALSE;12.210.555.555.555.500
1;3;2;0;73;1;0;FALSE;13.506.583.333.333.300
1;3;2;0;73;2;0;FALSE;28.894.083.333.333.300
1;3;2;0;73;3;0;FALSE;4.263.888.888.888.880
1;3;2;0;73;6;0;FALSE;1336.75
1;3;2;0;74;1;0;FALSE;12.918.138.888.888.800
1;3;2;0;74;2;0;FALSE;27155.75
1;3;2;0;74;3;0;FALSE;4.594.166.666.666.660
1;3;2;0;74;6;0;FALSE;1.288.138.888.888.880
1;3;2;0;75;1;0;FALSE;15.422.694.444.444.400
1;3;2;0;75;2;0;FALSE;31.665.027.777.777.700
1;3;2;0;75;3;0;FALSE;4.306.388.888.888.880
1;3;2;0;75;6;0;FALSE;1.523.638.888.888.880
1;3;2;0;76;1;0;FALSE;10.253.805.555.555.500
1;3;2;0;76;2;0;FALSE;20.351.916.666.666.600
1;3;2;0;76;3;0;FALSE;4.536.666.666.666.660
1;3;2;0;76;6;0;FALSE;10.875.833.333.333.300
1;3;2;0;77;1;0;FALSE;12.401.027.777.777.700
1;3;2;0;77;2;0;FALSE;24.788.555.555.555.500
1;3;2;0;77;3;0;FALSE;4.308.333.333.333.330
1;3;2;0;77;6;0;FALSE;11.793.333.333.333.300
1;3;2;0;78;1;0;FALSE;11.979.583.333.333.300
1;3;2;0;78;2;0;FALSE;23830.25
1;3;2;0;78;3;0;FALSE;472.0
1;3;2;0;78;6;0;FALSE;1.148.388.888.888.880
1;3;2;0;79;1;0;FALSE;14.080.805.555.555.500
1;3;2;0;79;2;0;FALSE;28434.25
1;3;2;0;79;3;0;FALSE;4.291.111.111.111.110
1;3;2;0;79;6;0;FALSE;1.353.361.111.111.110
1;3;2;0;80;1;0;FALSE;10.660.166.666.666.600
1;3;2;0;80;2;0;TRUE;5.495.166.666.666.660
1;3;2;0;80;2;1;TRUE;5.947.333.333.333.330
1;3;2;0;80;2;2;FALSE;2.760.688.888.888.880
1;3;2;0;80;2;3;FALSE;2.908.036.111.111.110
1;3;2;0;80;3;0;TRUE;9.583.333.333.333.330
1;3;2;0;80;3;1;TRUE;8.830.555.555.555.550
1;3;2;0;80;3;2;FALSE;477.0
1;3;2;0;80;3;3;FALSE;45.852.777.777.777.700
1;3;2;0;80;6;0;TRUE;31.822.222.222.222.200
1;3;2;0;80;6;1;TRUE;3.300.833.333.333.330
1;3;2;0;80;6;2;FALSE;13.444.444.444.444.400
1;3;2;0;80;6;3;FALSE;14.104.166.666.666.600
1;3;2;0;81;1;0;FALSE;13.030.055.555.555.500
1;3;2;0;82;1;0;FALSE;12.591.722.222.222.200
1;3;2;0;83;1;0;FALSE;14.871.666.666.666.600
1;3;2;0;84;1;0;FALSE;9.822.138.888.888.880
1;3;2;0;85;1;0;FALSE;11.790.111.111.111.100
1;3;2;0;86;1;0;FALSE;11.445.416.666.666.600
1;3;2;0;87;1;0;FALSE;13.361.444.444.444.400
1;3;2;0;88;1;0;FALSE;11.642.361.111.111.100
1;3;2;0;89;1;0;FALSE;13410.5
1;3;2;0;90;1;0;TRUE;24.941.666.666.666.600
1;3;2;0;90;1;1;TRUE;5.746.388.888.888.880
1;3;2;0;90;1;2;TRUE;2.624.166.666.666.660
1;3;2;0;90;1;3;FALSE;15.422.555.555.555.500
1;3;2;1;59;1;0;FALSE;22.241.489.583.333.300
1;3;2;1;59;2;0;FALSE;43504.25
1;3;2;1;59;4;0;FALSE;1.271.925
1;3;2;1;59;6;0;FALSE;38.486.354.166.666.600
1;3;2;1;60;1;0;FALSE;17.555.989.583.333.300
1;3;2;1;60;2;0;FALSE;30.808.260.416.666.600
1;3;2;1;60;4;0;FALSE;12.291.333.333.333.300
1;3;2;1;60;6;0;FALSE;2.850.375
1;3;2;1;61;1;0;FALSE;18.410.927.083.333.300
1;3;2;1;61;2;0;FALSE;3.401.871.875
1;3;2;1;61;4;0;FALSE;1251.65
1;3;2;1;61;6;0;FALSE;28.442.604.166.666.600
1;3;2;1;62;1;0;FALSE;18.422.458.333.333.300
1;3;2;1;62;2;0;FALSE;333.219.375
1;3;2;1;62;4;0;FALSE;12.508.833.333.333.300
1;3;2;1;62;6;0;FALSE;294.609.375
1;3;2;1;63;1;0;FALSE;19.091.489.583.333.300
1;3;2;1;63;2;0;FALSE;34.839.083.333.333.300
1;3;2;1;63;4;0;FALSE;12.618.083.333.333.300
1;3;2;1;63;6;0;FALSE;28.468.020.833.333.300
1;3;2;1;64;1;0;FALSE;15.925.645.833.333.300
1;3;2;1;64;2;0;FALSE;29.289.052.083.333.300
1;3;2;1;64;4;0;FALSE;10.920.083.333.333.300
1;3;2;1;64;6;0;FALSE;27.961.145.833.333.300
1;3;2;1;65;1;0;FALSE;17.885.104.166.666.600
1;3;2;1;65;2;0;FALSE;3.380.553.125
1;3;2;1;65;4;0;FALSE;11.337.166.666.666.600
1;3;2;1;65;6;0;FALSE;29.963.854.166.666.600
1;3;2;1;66;1;0;FALSE;17.973.489.583.333.300
1;3;2;1;66;2;0;FALSE;332.440.625
1;3;2;1;66;4;0;FALSE;11.271.833.333.333.300
1;3;2;1;66;6;0;FALSE;30.519.270.833.333.300
1;3;2;1;67;1;0;FALSE;19.897.854.166.666.600
1;3;2;1;67;2;0;FALSE;3.840.465.625
1;3;2;1;67;4;0;FALSE;11.853.666.666.666.600
1;3;2;1;67;6;0;FALSE;34.554.270.833.333.300
1;3;2;1;68;1;0;FALSE;15.442.385.416.666.600
1;3;2;1;68;2;0;FALSE;2.566.140.625
1;3;2;1;68;4;0;FALSE;10.880.083.333.333.300
1;3;2;1;68;6;0;FALSE;25.760.416.666.666.600
1;3;2;1;69;1;0;FALSE;16.789.885.416.666.600
1;3;2;1;69;2;0;FALSE;29482.25
1;3;2;1;69;3;0;FALSE;163.790.625
1;3;2;1;69;4;0;FALSE;11.405.666.666.666.600
1;3;2;1;69;5;0;FALSE;83.473.125
1;3;2;1;69;6;0;FALSE;26.605.729.166.666.600
1;3;2;1;70;1;0;FALSE;16.715.854.166.666.600
1;3;2;1;70;2;0;FALSE;2.897.728.125
1;3;2;1;70;3;0;FALSE;16.396.666.666.666.600
1;3;2;1;70;4;0;TRUE;5.221.333.333.333.330
1;3;2;1;70;4;1;FALSE;12.140.916.666.666.600
1;3;2;1;70;4;2;TRUE;5.690.583.333.333.330
1;3;2;1;70;4;3;FALSE;12.318.416.666.666.600
1;3;2;1;70;4;4;FALSE;12.227.416.666.666.600
1;3;2;1;70;5;0;FALSE;852.896.875
1;3;2;1;70;6;0;FALSE;26.893.125
1;3;2;1;71;1;0;FALSE;18.425.864.583.333.300
1;3;2;1;71;2;0;FALSE;33.755.635.416.666.600
1;3;2;1;71;3;0;FALSE;159.334.375
1;3;2;1;71;5;0;FALSE;8.466.041.666.666.660
1;3;2;1;71;6;0;FALSE;30.588.125
1;3;2;1;72;1;0;FALSE;1.762.503.125
1;3;2;1;72;2;0;FALSE;31.622.760.416.666.600
1;3;2;1;72;3;0;FALSE;15.761.458.333.333.300
1;3;2;1;72;5;0;FALSE;8.473.489.583.333.330
1;3;2;1;72;6;0;FALSE;29.307.083.333.333.300
1;3;2;1;73;1;0;FALSE;20.074.770.833.333.300
1;3;2;1;73;2;0;FALSE;37.136.010.416.666.600
1;3;2;1;73;3;0;FALSE;1.386.875
1;3;2;1;73;5;0;FALSE;83.375.625
1;3;2;1;73;6;0;FALSE;33.094.791.666.666.600
1;3;2;1;74;1;0;FALSE;19798.0
1;3;2;1;74;2;0;FALSE;35.315.354.166.666.600
1;3;2;1;74;3;0;FALSE;15.933.333.333.333.300
1;3;2;1;74;5;0;FALSE;8.546.197.916.666.660
1;3;2;1;74;6;0;FALSE;32.213.541.666.666.600
1;3;2;1;75;1;0;FALSE;21.968.916.666.666.600
1;3;2;1;75;2;0;FALSE;4.059.990.625
1;3;2;1;75;3;0;FALSE;14.577.291.666.666.600
1;3;2;1;75;5;0;FALSE;8.369.583.333.333.330
1;3;2;1;75;6;0;FALSE;36.247.291.666.666.600
1;3;2;1;76;1;0;FALSE;16.303.520.833.333.300
1;3;2;1;76;2;0;FALSE;27.220.166.666.666.600
1;3;2;1;76;3;0;FALSE;16.422.291.666.666.600
1;3;2;1;76;5;0;FALSE;848.665.625
1;3;2;1;76;6;0;FALSE;26.418.645.833.333.300
1;3;2;1;77;1;0;FALSE;18.302.125
1;3;2;1;77;2;0;FALSE;322.100.625
1;3;2;1;77;3;0;FALSE;13.813.333.333.333.300
1;3;2;1;77;5;0;FALSE;8.339.510.416.666.660
1;3;2;1;77;6;0;FALSE;29.005.833.333.333.300
1;3;2;1;78;1;0;FALSE;1.816.890.625
1;3;2;1;78;2;0;FALSE;31.247.833.333.333.300
1;3;2;1;78;3;0;FALSE;16.171.979.166.666.600
1;3;2;1;78;5;0;FALSE;853.353.125
1;3;2;1;78;6;0;FALSE;286.246.875
1;3;2;1;79;1;0;FALSE;20.222.645.833.333.300
1;3;2;1;79;2;0;FALSE;36.771.885.416.666.600
1;3;2;1;79;3;0;FALSE;15.474.791.666.666.600
1;3;2;1;79;5;0;FALSE;84.813.125
1;3;2;1;79;6;0;FALSE;32.706.666.666.666.600
1;3;2;1;80;1;0;FALSE;17.158.770.833.333.300
1;3;2;1;80;2;0;TRUE;7.088.239.583.333.330
1;3;2;1;80;2;1;TRUE;7.486.739.583.333.330
1;3;2;1;80;2;2;FALSE;35.904.197.916.666.600
1;3;2;1;80;2;3;FALSE;37.800.479.166.666.600
1;3;2;1;80;2;4;FALSE;3.372.028.125
1;3;2;1;80;3;0;TRUE;11.829.166.666.666.600
1;3;2;1;80;3;1;TRUE;11.739.583.333.333.300
1;3;2;1;80;3;2;FALSE;15.431.875
1;3;2;1;80;3;3;FALSE;14.839.166.666.666.600
1;3;2;1;80;3;4;FALSE;16.486.666.666.666.600
1;3;2;1;80;5;0;FALSE;8.388.552.083.333.330
1;3;2;1;80;6;0;TRUE;7.106.354.166.666.660
1;3;2;1;80;6;1;TRUE;7.464.895.833.333.330
1;3;2;1;80;6;2;FALSE;3254.0
1;3;2;1;80;6;3;FALSE;332.746.875
1;3;2;1;80;6;4;FALSE;30.267.916.666.666.600
1;3;2;1;81;1;0;FALSE;19.181.895.833.333.300
1;3;2;1;81;5;0;FALSE;8.155.479.166.666.660
1;3;2;1;82;1;0;FALSE;19.397.166.666.666.600
1;3;2;1;82;5;0;FALSE;8.396.270.833.333.330
1;3;2;1;83;1;0;FALSE;2.113.903.125
1;3;2;1;83;5;0;FALSE;8.272.552.083.333.330
1;3;2;1;84;1;0;FALSE;16.014.875
1;3;2;1;84;5;0;FALSE;8.400.104.166.666.660
1;3;2;1;85;1;0;FALSE;17491.75
1;3;2;1;85;5;0;FALSE;8.175.760.416.666.660
1;3;2;1;86;1;0;FALSE;17.693.197.916.666.600
1;3;2;1;86;5;0;FALSE;8.440.375
1;3;2;1;87;1;0;FALSE;19.670.239.583.333.300
1;3;2;1;87;5;0;FALSE;8.238.229.166.666.660
1;3;2;1;88;1;0;FALSE;18.298.104.166.666.600
1;3;2;1;88;5;0;FALSE;8.391.197.916.666.660
1;3;2;1;89;1;0;FALSE;19.702.947.916.666.600
1;3;2;1;89;5;0;FALSE;82.223.125
1;3;2;1;90;1;0;TRUE;317.875
1;3;2;1;90;1;1;TRUE;8.812.604.166.666.660
1;3;2;1;90;1;2;TRUE;3.285.208.333.333.330
1;3;2;1;90;1;3;FALSE;23.376.260.416.666.600
1;3;2;1;90;1;4;FALSE;20.750.822.916.666.600
1;3;2;1;90;5;0;TRUE;8.732.291.666.666.660
1;3;2;1;90;5;1;TRUE;13.932.916.666.666.600
1;3;2;1;90;5;2;FALSE;9.928.385.416.666.660
1;3;2;1;90;5;3;FALSE;895.465.625
1;3;2;1;90;5;4;TRUE;8.439.583.333.333.330
2;1;2;0;59;2;0;FALSE;35755.0
2;1;2;0;59;6;0;FALSE;1673.5
2;1;2;0;60;2;0;FALSE;24781.75
2;1;2;0;60;6;0;FALSE;11.588.333.333.333.300
2;1;2;0;61;2;0;FALSE;28.482.166.666.666.600
2;1;2;0;61;6;0;FALSE;1181.75
2;1;2;0;62;2;0;FALSE;26.956.833.333.333.300
2;1;2;0;62;6;0;FALSE;11.733.333.333.333.300
2;1;2;0;63;2;0;FALSE;29323.0
2;1;2;0;63;6;0;FALSE;12.271.666.666.666.600
2;1;2;0;64;2;0;FALSE;22.294.833.333.333.300
2;1;2;0;64;6;0;FALSE;11.335.833.333.333.300
2;1;2;0;65;2;0;FALSE;26.628.666.666.666.600
2;1;2;0;65;6;0;FALSE;12.088.333.333.333.300
2;1;2;0;66;2;0;FALSE;25153.0
2;1;2;0;66;6;0;FALSE;12.704.166.666.666.600
2;1;2;0;67;2;0;FALSE;29.889.916.666.666.600
2;1;2;0;67;6;0;FALSE;14.381.666.666.666.600
2;1;2;0;68;2;0;FALSE;19152.25
2;1;2;0;68;6;0;FALSE;1062.75
2;1;2;0;69;2;0;FALSE;22.427.666.666.666.600
2;1;2;0;69;3;0;FALSE;4.869.166.666.666.660
2;1;2;0;69;6;0;FALSE;10.971.666.666.666.600
2;1;2;0;70;2;0;FALSE;21.676.833.333.333.300
2;1;2;0;70;3;0;FALSE;4.605.833.333.333.330
2;1;2;0;70;6;0;FALSE;1090.5
2;1;2;0;71;2;0;FALSE;25.634.416.666.666.600
2;1;2;0;71;3;0;FALSE;4.200.833.333.333.330
2;1;2;0;71;6;0;FALSE;12.576.666.666.666.600
2;1;2;0;72;2;0;FALSE;23956.5
2;1;2;0;72;3;0;FALSE;4.599.166.666.666.660
2;1;2;0;72;6;0;FALSE;1200.25
2;1;2;0;73;2;0;FALSE;29.160.333.333.333.300
2;1;2;0;73;3;0;FALSE;4.110.833.333.333.330
2;1;2;0;73;6;0;FALSE;1366.75
2;1;2;0;74;2;0;FALSE;27.455.916.666.666.600
2;1;2;0;74;3;0;FALSE;4.364.166.666.666.660
2;1;2;0;74;6;0;FALSE;1341.25
2;1;2;0;75;2;0;FALSE;32.026.666.666.666.600
2;1;2;0;75;3;0;FALSE;4.144.166.666.666.660
2;1;2;0;75;6;0;FALSE;15.544.166.666.666.600
2;1;2;0;76;2;0;FALSE;20526.75
2;1;2;0;76;3;0;FALSE;430.25
2;1;2;0;76;6;0;FALSE;1098.25
2;1;2;0;77;2;0;FALSE;25.060.833.333.333.300
2;1;2;0;77;3;0;FALSE;4.071.666.666.666.660
2;1;2;0;77;6;0;FALSE;11.929.166.666.666.600
2;1;2;0;78;2;0;FALSE;23.851.333.333.333.300
2;1;2;0;78;3;0;FALSE;4.480.833.333.333.330
2;1;2;0;78;6;0;FALSE;11.671.666.666.666.600
2;1;2;0;79;2;0;FALSE;28.519.583.333.333.300
2;1;2;0;79;3;0;FALSE;413.0
2;1;2;0;79;6;0;FALSE;13.785.833.333.333.300
2;1;2;0;80;2;0;TRUE;5475.0
2;1;2;0;80;2;1;TRUE;5869.5
2;1;2;0;80;2;2;FALSE;27715.25
2;1;2;0;80;2;3;FALSE;29122.75
2;1;2;0;80;3;0;TRUE;91.25
2;1;2;0;80;3;1;TRUE;8.241.666.666.666.660
2;1;2;0;80;3;2;FALSE;4.479.166.666.666.660
2;1;2;0;80;3;3;FALSE;4.514.166.666.666.660
2;1;2;0;80;6;0;TRUE;325.75
2;1;2;0;80;6;1;TRUE;331.5
2;1;2;0;80;6;2;FALSE;13.408.333.333.333.300
2;1;2;0;80;6;3;FALSE;14.094.166.666.666.600
2;1;2;1;59;2;0;FALSE;42.828.416.666.666.600
2;1;2;1;59;6;0;FALSE;4.314.666.666.666.660
2;1;2;1;60;2;0;FALSE;30.182.083.333.333.300
2;1;2;1;60;6;0;FALSE;31.778.333.333.333.300
2;1;2;1;61;2;0;FALSE;33.404.083.333.333.300
2;1;2;1;61;6;0;FALSE;32.548.333.333.333.300
2;1;2;1;62;2;0;FALSE;32.211.583.333.333.300
2;1;2;1;62;6;0;FALSE;3325.75
2;1;2;1;63;2;0;FALSE;33.379.666.666.666.600
2;1;2;1;63;6;0;FALSE;31.978.333.333.333.300
2;1;2;1;64;2;0;FALSE;28.715.416.666.666.600
2;1;2;1;64;6;0;FALSE;31.656.666.666.666.600
2;1;2;1;65;2;0;FALSE;32717.75
2;1;2;1;65;6;0;FALSE;34.295.833.333.333.300
2;1;2;1;66;2;0;FALSE;32.885.333.333.333.300
2;1;2;1;66;6;0;FALSE;35.830.833.333.333.300
2;1;2;1;67;2;0;FALSE;37.601.083.333.333.300
2;1;2;1;67;6;0;FALSE;3890.75
2;1;2;1;68;2;0;FALSE;25074.0
2;1;2;1;68;6;0;FALSE;28.578.333.333.333.300
2;1;2;1;69;2;0;FALSE;28.568.416.666.666.600
2;1;2;1;69;3;0;FALSE;16.219.166.666.666.600
2;1;2;1;69;5;0;FALSE;8.394.083.333.333.330
2;1;2;1;69;6;0;FALSE;2958.25
2;1;2;1;70;2;0;FALSE;28.439.833.333.333.300
2;1;2;1;70;3;0;FALSE;15.659.166.666.666.600
2;1;2;1;70;5;0;FALSE;8.681.333.333.333.330
2;1;2;1;70;6;0;FALSE;30.670.833.333.333.300
2;1;2;1;71;2;0;FALSE;33.140.583.333.333.300
2;1;2;1;71;3;0;FALSE;15.310.833.333.333.300
2;1;2;1;71;5;0;FALSE;8.412.416.666.666.660
2;1;2;1;71;6;0;FALSE;3482.0
2;1;2;1;72;2;0;FALSE;30.985.583.333.333.300
2;1;2;1;72;3;0;FALSE;14.979.166.666.666.600
2;1;2;1;72;5;0;FALSE;8.523.083.333.333.330
2;1;2;1;72;6;0;FALSE;33.395.833.333.333.300
2;1;2;1;73;2;0;FALSE;35.913.583.333.333.300
2;1;2;1;73;3;0;FALSE;13.339.166.666.666.600
2;1;2;1;73;5;0;FALSE;8370.75
2;1;2;1;73;6;0;FALSE;36.271.666.666.666.600
2;1;2;1;74;2;0;FALSE;34.507.416.666.666.600
2;1;2;1;74;3;0;FALSE;15.446.666.666.666.600
2;1;2;1;74;5;0;FALSE;8.782.083.333.333.330
2;1;2;1;74;6;0;FALSE;36.903.333.333.333.300
2;1;2;1;75;2;0;FALSE;39183.25
2;1;2;1;75;3;0;FALSE;14.121.666.666.666.600
2;1;2;1;75;5;0;FALSE;8354.75
2;1;2;1;75;6;0;FALSE;40.845.833.333.333.300
2;1;2;1;76;2;0;FALSE;26.510.583.333.333.300
2;1;2;1;76;3;0;FALSE;1571.5
2;1;2;1;76;5;0;FALSE;8483.75
2;1;2;1;76;6;0;FALSE;2987.5
2;1;2;1;77;2;0;FALSE;31.579.166.666.666.600
2;1;2;1;77;3;0;FALSE;1305.5
2;1;2;1;77;5;0;FALSE;8.498.583.333.333.330
2;1;2;1;77;6;0;FALSE;3395.5
2;1;2;1;78;2;0;FALSE;30.459.666.666.666.600
2;1;2;1;78;3;0;FALSE;15.248.333.333.333.300
2;1;2;1;78;5;0;FALSE;8.561.083.333.333.330
2;1;2;1;78;6;0;FALSE;3289.0
2;1;2;1;79;2;0;FALSE;36.146.666.666.666.600
2;1;2;1;79;3;0;FALSE;1464.5
2;1;2;1;79;5;0;FALSE;8.499.166.666.666.660
2;1;2;1;79;6;0;FALSE;36.676.666.666.666.600
2;1;2;1;80;2;0;TRUE;7.014.583.333.333.330
2;1;2;1;80;2;1;TRUE;7174.25
2;1;2;1;80;2;2;FALSE;34.963.333.333.333.300
2;1;2;1;80;2;3;FALSE;36.701.416.666.666.600
2;1;2;1;80;2;4;FALSE;33539.25
2;1;2;1;80;3;0;TRUE;113.0
2;1;2;1;80;3;1;TRUE;11.758.333.333.333.300
2;1;2;1;80;3;2;FALSE;14.606.666.666.666.600
2;1;2;1;80;3;3;FALSE;14.561.666.666.666.600
2;1;2;1;80;3;4;FALSE;15.589.166.666.666.600
2;1;2;1;80;5;0;FALSE;8380.25
2;1;2;1;80;6;0;TRUE;788.5
2;1;2;1;80;6;1;TRUE;8.125.833.333.333.330
2;1;2;1;80;6;2;FALSE;38.100.833.333.333.300
2;1;2;1;80;6;3;FALSE;37.115.833.333.333.300
2;1;2;1;80;6;4;FALSE;34.710.833.333.333.300
2;1;2;1;81;5;0;FALSE;8214.25
2;1;2;1;82;5;0;FALSE;8.497.666.666.666.660
2;1;2;1;83;5;0;FALSE;8.228.916.666.666.660
2;1;2;1;84;5;0;FALSE;8.498.666.666.666.660
2;1;2;1;85;5;0;FALSE;8.122.416.666.666.660
2;1;2;1;86;5;0;FALSE;8.572.583.333.333.330
2;1;2;1;87;5;0;FALSE;8308.0
2;1;2;1;88;5;0;FALSE;8.415.583.333.333.330
2;1;2;1;89;5;0;FALSE;8.359.083.333.333.330
2;1;2;1;90;5;0;TRUE;80.0
2;1;2;1;90;5;1;TRUE;1391.75
2;1;2;1;90;5;2;FALSE;10.032.333.333.333.300
2;1;2;1;90;5;3;FALSE;9.084.666.666.666.660
2;1;2;1;90;5;4;TRUE;7.958.333.333.333.330
2;2;2;0;59;1;0;FALSE;14.748.166.666.666.600
2;2;2;0;59;2;0;FALSE;33.163.833.333.333.300
2;2;2;0;59;4;0;FALSE;922.0
2;2;2;0;59;6;0;FALSE;15.402.916.666.666.600
2;2;2;0;60;1;0;FALSE;10433.75
2;2;2;0;60;2;0;FALSE;23.042.416.666.666.600
2;2;2;0;60;4;0;FALSE;8.110.833.333.333.330
2;2;2;0;60;6;0;FALSE;10.519.166.666.666.600
2;2;2;0;61;1;0;FALSE;11982.0
2;2;2;0;61;2;0;FALSE;26.609.291.666.666.600
2;2;2;0;61;4;0;FALSE;8.756.666.666.666.660
2;2;2;0;61;6;0;FALSE;11.000.833.333.333.300
2;2;2;0;62;1;0;FALSE;11697.75
2;2;2;0;62;2;0;FALSE;25565.75
2;2;2;0;62;4;0;FALSE;8.369.166.666.666.660
2;2;2;0;62;6;0;FALSE;10.905.416.666.666.600
2;2;2;0;63;1;0;FALSE;12.834.083.333.333.300
2;2;2;0;63;2;0;FALSE;27743.0
2;2;2;0;63;4;0;FALSE;8.889.166.666.666.660
2;2;2;0;63;6;0;FALSE;11.049.583.333.333.300
2;2;2;0;64;1;0;FALSE;9.322.083.333.333.330
2;2;2;0;64;2;0;FALSE;20.705.666.666.666.600
2;2;2;0;64;4;0;FALSE;666.0
2;2;2;0;64;6;0;FALSE;1060.75
2;2;2;0;65;1;0;FALSE;11.026.916.666.666.600
2;2;2;0;65;2;0;FALSE;24.777.458.333.333.300
2;2;2;0;65;4;0;FALSE;7.574.166.666.666.660
2;2;2;0;65;6;0;FALSE;1.110.375
2;2;2;0;66;1;0;FALSE;10886.5
2;2;2;0;66;2;0;FALSE;23.904.125
2;2;2;0;66;4;0;FALSE;7.265.833.333.333.330
2;2;2;0;66;6;0;FALSE;11.498.333.333.333.300
2;2;2;0;67;1;0;FALSE;12782.75
2;2;2;0;67;2;0;FALSE;28080.0
2;2;2;0;67;4;0;FALSE;8.204.166.666.666.660
2;2;2;0;67;6;0;FALSE;13.327.083.333.333.300
2;2;2;0;68;1;0;FALSE;8944.5
2;2;2;0;68;2;0;FALSE;18.005.583.333.333.300
2;2;2;0;68;4;0;FALSE;681.25
2;2;2;0;68;6;0;FALSE;938.875
2;2;2;0;69;1;0;FALSE;10370.5
2;2;2;0;69;2;0;FALSE;21.278.333.333.333.300
2;2;2;0;69;3;0;FALSE;4.057.083.333.333.330
2;2;2;0;69;4;0;FALSE;7.660.833.333.333.330
2;2;2;0;69;6;0;FALSE;9.819.166.666.666.660
2;2;2;0;70;1;0;FALSE;9.982.583.333.333.330
2;2;2;0;70;2;0;FALSE;20.737.041.666.666.600
2;2;2;0;70;3;0;FALSE;436.125
2;2;2;0;70;4;0;TRUE;376.25
2;2;2;0;70;4;1;FALSE;8.090.833.333.333.330
2;2;2;0;70;4;2;TRUE;4.253.333.333.333.330
2;2;2;0;70;4;3;FALSE;833.25
2;2;2;0;70;6;0;FALSE;10.354.583.333.333.300
2;2;2;0;71;1;0;FALSE;11735.5
2;2;2;0;71;2;0;FALSE;24.188.041.666.666.600
2;2;2;0;71;3;0;FALSE;4.152.083.333.333.330
2;2;2;0;71;6;0;FALSE;11.680.416.666.666.600
2;2;2;0;72;1;0;FALSE;10.504.333.333.333.300
2;2;2;0;72;2;0;FALSE;22.835.333.333.333.300
2;2;2;0;72;3;0;FALSE;419.375
2;2;2;0;72;6;0;FALSE;1103.75
2;2;2;0;73;1;0;FALSE;12.757.416.666.666.600
2;2;2;0;73;2;0;FALSE;27.327.041.666.666.600
2;2;2;0;73;3;0;FALSE;3.794.166.666.666.660
2;2;2;0;73;6;0;FALSE;1.257.125
2;2;2;0;74;1;0;FALSE;12222.25
2;2;2;0;74;2;0;FALSE;25.621.875
2;2;2;0;74;3;0;FALSE;427.875
2;2;2;0;74;6;0;FALSE;11.951.666.666.666.600
2;2;2;0;75;1;0;FALSE;14429.25
2;2;2;0;75;2;0;FALSE;29.918.333.333.333.300
2;2;2;0;75;3;0;FALSE;3.912.916.666.666.660
2;2;2;0;75;6;0;FALSE;1.431.375
2;2;2;0;76;1;0;FALSE;9703.75
2;2;2;0;76;2;0;FALSE;19.022.833.333.333.300
2;2;2;0;76;3;0;FALSE;4.317.083.333.333.330
2;2;2;0;76;6;0;FALSE;10.127.916.666.666.600
2;2;2;0;77;1;0;FALSE;11617.25
2;2;2;0;77;2;0;FALSE;23229.0
2;2;2;0;77;3;0;FALSE;3.918.333.333.333.330
2;2;2;0;77;6;0;FALSE;1109.5
2;2;2;0;78;1;0;FALSE;11.085.583.333.333.300
2;2;2;0;78;2;0;FALSE;22.187.958.333.333.300
2;2;2;0;78;3;0;FALSE;424.875
2;2;2;0;78;6;0;FALSE;10.562.083.333.333.300
2;2;2;0;79;1;0;FALSE;13.463.083.333.333.300
2;2;2;0;79;2;0;FALSE;26.623.916.666.666.600
2;2;2;0;79;3;0;FALSE;396.75
2;2;2;0;79;6;0;FALSE;12.409.166.666.666.600
2;2;2;0;80;1;0;FALSE;10028.0
2;2;2;0;80;2;0;TRUE;5.081.083.333.333.330
2;2;2;0;80;2;1;TRUE;5.542.708.333.333.330
2;2;2;0;80;2;2;FALSE;26.016.583.333.333.300
2;2;2;0;80;2;3;FALSE;27.359.416.666.666.600
2;2;2;0;80;3;0;TRUE;8.770.833.333.333.330
2;2;2;0;80;3;1;TRUE;8.966.666.666.666.660
2;2;2;0;80;3;2;FALSE;4.267.916.666.666.660
2;2;2;0;80;3;3;FALSE;423.375
2;2;2;0;80;6;0;TRUE;3.035.416.666.666.660
2;2;2;0;80;6;1;TRUE;3.097.916.666.666.660
2;2;2;0;80;6;2;FALSE;12.337.083.333.333.300
2;2;2;0;80;6;3;FALSE;1262.25
2;2;2;0;81;1;0;FALSE;12340.75
2;2;2;0;82;1;0;FALSE;12.061.583.333.333.300
2;2;2;0;83;1;0;FALSE;13873.0
2;2;2;0;84;1;0;FALSE;9.268.416.666.666.660
2;2;2;0;85;1;0;FALSE;11154.0
2;2;2;0;86;1;0;FALSE;10856.75
2;2;2;0;87;1;0;FALSE;12635.25
2;2;2;0;88;1;0;FALSE;11.153.583.333.333.300
2;2;2;0;89;1;0;FALSE;12.801.333.333.333.300
2;2;2;0;90;1;0;TRUE;23.083.333.333.333.300
2;2;2;0;90;1;1;TRUE;5.558.583.333.333.330
2;2;2;0;90;1;2;TRUE;24.366.666.666.666.600
2;2;2;0;90;1;3;FALSE;14.637.833.333.333.300
2;2;2;1;59;1;0;FALSE;22291.5
2;2;2;1;59;2;0;FALSE;44.130.520.833.333.300
2;2;2;1;59;4;0;FALSE;11.972.083.333.333.300
2;2;2;1;59;6;0;FALSE;35.259.791.666.666.600
2;2;2;1;60;1;0;FALSE;17613.75
2;2;2;1;60;2;0;FALSE;311.693.125
2;2;2;1;60;4;0;FALSE;11.325.833.333.333.300
2;2;2;1;60;6;0;FALSE;25.886.041.666.666.600
2;2;2;1;61;1;0;FALSE;18.322.208.333.333.300
2;2;2;1;61;2;0;FALSE;34.348.791.666.666.600
2;2;2;1;61;4;0;FALSE;11.730.833.333.333.300
2;2;2;1;61;6;0;FALSE;25.945.625
2;2;2;1;62;1;0;FALSE;18.136.958.333.333.300
2;2;2;1;62;2;0;FALSE;33.680.854.166.666.600
2;2;2;1;62;4;0;FALSE;1.216.375
2;2;2;1;62;6;0;FALSE;2.680.625
2;2;2;1;63;1;0;FALSE;18.951.666.666.666.600
2;2;2;1;63;2;0;FALSE;35.216.104.166.666.600
2;2;2;1;63;4;0;FALSE;11.879.166.666.666.600
2;2;2;1;63;6;0;FALSE;25.971.875
2;2;2;1;64;1;0;FALSE;15.883.333.333.333.300
2;2;2;1;64;2;0;FALSE;29.650.395.833.333.300
2;2;2;1;64;4;0;FALSE;10.227.083.333.333.300
2;2;2;1;64;6;0;FALSE;25.325.625
2;2;2;1;65;1;0;FALSE;17.781.958.333.333.300
2;2;2;1;65;2;0;FALSE;34.141.375
2;2;2;1;65;4;0;FALSE;10.859.166.666.666.600
2;2;2;1;65;6;0;FALSE;2731.25
2;2;2;1;66;1;0;FALSE;17.875.791.666.666.600
2;2;2;1;66;2;0;FALSE;33.591.520.833.333.300
2;2;2;1;66;4;0;FALSE;10.854.166.666.666.600
2;2;2;1;66;6;0;FALSE;27.960.625
2;2;2;1;67;1;0;FALSE;19.775.458.333.333.300
2;2;2;1;67;2;0;FALSE;38.630.145.833.333.300
2;2;2;1;67;4;0;FALSE;11.331.666.666.666.600
2;2;2;1;67;6;0;FALSE;3.128.375
2;2;2;1;68;1;0;FALSE;15.346.416.666.666.600
2;2;2;1;68;2;0;FALSE;25.870.541.666.666.600
2;2;2;1;68;4;0;FALSE;1033.5
2;2;2;1;68;6;0;FALSE;23.007.083.333.333.300
2;2;2;1;69;1;0;FALSE;16.949.708.333.333.300
2;2;2;1;69;2;0;FALSE;29.665.395.833.333.300
2;2;2;1;69;3;0;FALSE;17.644.166.666.666.600
2;2;2;1;69;4;0;FALSE;10.969.583.333.333.300
2;2;2;1;69;5;0;FALSE;73.374.375
2;2;2;1;69;6;0;FALSE;24.141.875
2;2;2;1;70;1;0;FALSE;16.981.875
2;2;2;1;70;2;0;FALSE;29.255.020.833.333.300
2;2;2;1;70;3;0;FALSE;17.136.666.666.666.600
2;2;2;1;70;4;0;TRUE;4.853.333.333.333.330
2;2;2;1;70;4;1;FALSE;11.767.083.333.333.300
2;2;2;1;70;4;2;TRUE;5.342.916.666.666.660
2;2;2;1;70;4;3;FALSE;11.686.666.666.666.600
2;2;2;1;70;4;4;FALSE;11.505.833.333.333.300
2;2;2;1;70;5;0;FALSE;7.495.791.666.666.660
2;2;2;1;70;6;0;FALSE;24.351.041.666.666.600
2;2;2;1;71;1;0;FALSE;18.651.791.666.666.600
2;2;2;1;71;2;0;FALSE;339.738.125
2;2;2;1;71;3;0;FALSE;16.414.166.666.666.600
2;2;2;1;71;5;0;FALSE;7.383.666.666.666.660
2;2;2;1;71;6;0;FALSE;27.833.958.333.333.300
2;2;2;1;72;1;0;FALSE;17.699.541.666.666.600
2;2;2;1;72;2;0;FALSE;31.886.770.833.333.300
2;2;2;1;72;3;0;FALSE;16.224.166.666.666.600
2;2;2;1;72;5;0;FALSE;7.410.229.166.666.660
2;2;2;1;72;6;0;FALSE;27.045.833.333.333.300
2;2;2;1;73;1;0;FALSE;19.987.166.666.666.600
2;2;2;1;73;2;0;FALSE;37.423.291.666.666.600
2;2;2;1;73;3;0;FALSE;1421.5
2;2;2;1;73;5;0;FALSE;7.266.520.833.333.330
2;2;2;1;73;6;0;FALSE;30.367.291.666.666.600
2;2;2;1;74;1;0;FALSE;19.541.833.333.333.300
2;2;2;1;74;2;0;FALSE;35631.75
2;2;2;1;74;3;0;FALSE;16.261.458.333.333.300
2;2;2;1;74;5;0;FALSE;7416.75
2;2;2;1;74;6;0;FALSE;29.202.291.666.666.600
2;2;2;1;75;1;0;FALSE;21.973.083.333.333.300
2;2;2;1;75;2;0;FALSE;40.673.104.166.666.600
2;2;2;1;75;3;0;FALSE;15.614.166.666.666.600
2;2;2;1;75;5;0;FALSE;7.293.270.833.333.330
2;2;2;1;75;6;0;FALSE;32.773.541.666.666.600
2;2;2;1;76;1;0;FALSE;16.215.625
2;2;2;1;76;2;0;FALSE;27.507.520.833.333.300
2;2;2;1;76;3;0;FALSE;1708.25
2;2;2;1;76;5;0;FALSE;7321.0
2;2;2;1;76;6;0;FALSE;24.162.708.333.333.300
2;2;2;1;77;1;0;FALSE;18192.25
2;2;2;1;77;2;0;FALSE;32.427.916.666.666.600
2;2;2;1;77;3;0;FALSE;15.100.416.666.666.600
2;2;2;1;77;5;0;FALSE;7.256.791.666.666.660
2;2;2;1;77;6;0;FALSE;26.389.166.666.666.600
2;2;2;1;78;1;0;FALSE;18.093.916.666.666.600
2;2;2;1;78;2;0;FALSE;313.083.125
2;2;2;1;78;3;0;FALSE;17.459.166.666.666.600
2;2;2;1;78;5;0;FALSE;7.469.583.333.333.330
2;2;2;1;78;6;0;FALSE;25.796.875
2;2;2;1;79;1;0;FALSE;20.010.833.333.333.300
2;2;2;1;79;2;0;FALSE;36.975.979.166.666.600
2;2;2;1;79;3;0;FALSE;1.651.375
2;2;2;1;79;5;0;FALSE;73.746.875
2;2;2;1;79;6;0;FALSE;29.688.333.333.333.300
2;2;2;1;80;1;0;FALSE;17.135.541.666.666.600
2;2;2;1;80;2;0;TRUE;7.150.854.166.666.660
2;2;2;1;80;2;1;TRUE;74.535.625
2;2;2;1;80;2;2;FALSE;36.147.145.833.333.300
2;2;2;1;80;2;3;FALSE;37931.75
2;2;2;1;80;2;4;FALSE;34.097.291.666.666.600
2;2;2;1;80;3;0;TRUE;13.185.416.666.666.600
2;2;2;1;80;3;1;TRUE;1.270.625
2;2;2;1;80;3;2;FALSE;16.503.333.333.333.300
2;2;2;1;80;3;3;FALSE;15.201.666.666.666.600
2;2;2;1;80;3;4;FALSE;17.267.083.333.333.300
2;2;2;1;80;5;0;FALSE;7.354.375
2;2;2;1;80;6;0;TRUE;6.532.291.666.666.660
2;2;2;1;80;6;1;TRUE;6.836.041.666.666.660
2;2;2;1;80;6;2;FALSE;2982.25
2;2;2;1;80;6;3;FALSE;30.776.458.333.333.300
2;2;2;1;80;6;4;FALSE;28.106.875
2;2;2;1;81;1;0;FALSE;19.010.791.666.666.600
2;2;2;1;81;5;0;FALSE;7.129.708.333.333.330
2;2;2;1;82;1;0;FALSE;19.555.541.666.666.600
2;2;2;1;82;5;0;FALSE;7.332.958.333.333.330
2;2;2;1;83;1;0;FALSE;21.271.166.666.666.600
2;2;2;1;83;5;0;FALSE;71.174.375
2;2;2;1;84;1;0;FALSE;15.953.166.666.666.600
2;2;2;1;84;5;0;FALSE;7.283.270.833.333.330
2;2;2;1;85;1;0;FALSE;17.470.541.666.666.600
2;2;2;1;85;5;0;FALSE;70.439.375
2;2;2;1;86;1;0;FALSE;17.668.416.666.666.600
2;2;2;1;86;5;0;FALSE;7.397.625
2;2;2;1;87;1;0;FALSE;19.462.208.333.333.300
2;2;2;1;87;5;0;FALSE;7.221.854.166.666.660
2;2;2;1;88;1;0;FALSE;18.201.541.666.666.600
2;2;2;1;88;5;0;FALSE;7256.0
2;2;2;1;89;1;0;FALSE;19.728.166.666.666.600
2;2;2;1;89;5;0;FALSE;7.156.583.333.333.330
2;2;2;1;90;1;0;TRUE;3.121.666.666.666.660
2;2;2;1;90;1;1;TRUE;8.841.125
2;2;2;1;90;1;2;TRUE;333.5
2;2;2;1;90;1;3;FALSE;23.464.666.666.666.600
2;2;2;1;90;1;4;FALSE;20901.0
2;2;2;1;90;5;0;TRUE;8.202.083.333.333.330
2;2;2;1;90;5;1;TRUE;12.175.208.333.333.300
2;2;2;1;90;5;2;FALSE;8.721.145.833.333.330
2;2;2;1;90;5;3;FALSE;7.825.625
2;2;2;1;90;5;4;TRUE;7.879.166.666.666.660
2;3;2;0;59;1;0;FALSE;16.739.041.666.666.600
2;3;2;0;59;2;0;FALSE;39.670.041.666.666.600
2;3;2;0;59;4;0;FALSE;8.429.583.333.333.330
2;3;2;0;59;6;0;FALSE;13.272.083.333.333.300
2;3;2;0;60;1;0;FALSE;11861.0
2;3;2;0;60;2;0;FALSE;27.674.083.333.333.300
2;3;2;0;60;4;0;FALSE;773.25
2;3;2;0;60;6;0;FALSE;9.037.083.333.333.330
2;3;2;0;61;1;0;FALSE;13.457.708.333.333.300
2;3;2;0;61;2;0;FALSE;31.959.458.333.333.300
2;3;2;0;61;4;0;FALSE;8.030.833.333.333.330
2;3;2;0;61;6;0;FALSE;9.435.833.333.333.330
2;3;2;0;62;1;0;FALSE;13.017.083.333.333.300
2;3;2;0;62;2;0;FALSE;30.492.958.333.333.300
2;3;2;0;62;4;0;FALSE;7.804.166.666.666.660
2;3;2;0;62;6;0;FALSE;930.5
2;3;2;0;63;1;0;FALSE;14.320.583.333.333.300
2;3;2;0;63;2;0;FALSE;32823.0
2;3;2;0;63;4;0;FALSE;8.299.583.333.333.330
2;3;2;0;63;6;0;FALSE;972.75
2;3;2;0;64;1;0;FALSE;10.384.083.333.333.300
2;3;2;0;64;2;0;FALSE;24.532.541.666.666.600
2;3;2;0;64;4;0;FALSE;6.352.916.666.666.660
2;3;2;0;64;6;0;FALSE;9.089.583.333.333.330
2;3;2;0;65;1;0;FALSE;12.516.625
2;3;2;0;65;2;0;FALSE;29321.5
2;3;2;0;65;4;0;FALSE;6.907.083.333.333.330
2;3;2;0;65;6;0;FALSE;9.658.333.333.333.330
2;3;2;0;66;1;0;FALSE;12.204.791.666.666.600
2;3;2;0;66;2;0;FALSE;28.473.416.666.666.600
2;3;2;0;66;4;0;FALSE;6.923.333.333.333.330
2;3;2;0;66;6;0;FALSE;9.997.916.666.666.660
2;3;2;0;67;1;0;FALSE;14441.75
2;3;2;0;67;2;0;FALSE;33.097.208.333.333.300
2;3;2;0;67;4;0;FALSE;7.430.416.666.666.660
2;3;2;0;67;6;0;FALSE;11.410.833.333.333.300
2;3;2;0;68;1;0;FALSE;10.022.333.333.333.300
2;3;2;0;68;2;0;FALSE;21.373.375
2;3;2;0;68;4;0;FALSE;6.400.416.666.666.660
2;3;2;0;68;6;0;FALSE;8.352.083.333.333.330
2;3;2;0;69;1;0;FALSE;11647.5
2;3;2;0;69;2;0;FALSE;25.577.666.666.666.600
2;3;2;0;69;3;0;FALSE;457.625
2;3;2;0;69;4;0;FALSE;717.5
2;3;2;0;69;6;0;FALSE;8.641.666.666.666.660
2;3;2;0;70;1;0;FALSE;11.435.291.666.666.600
2;3;2;0;70;2;0;FALSE;24.643.916.666.666.600
2;3;2;0;70;3;0;FALSE;4.472.083.333.333.330
2;3;2;0;70;4;0;TRUE;3.577.083.333.333.330
2;3;2;0;70;4;1;FALSE;7.850.833.333.333.330
2;3;2;0;70;4;2;TRUE;394.0
2;3;2;0;70;4;3;FALSE;775.625
2;3;2;0;70;6;0;FALSE;8.936.666.666.666.660
2;3;2;0;71;1;0;FALSE;13.227.208.333.333.300
2;3;2;0;71;2;0;FALSE;29.357.125
2;3;2;0;71;3;0;FALSE;420.0
2;3;2;0;71;6;0;FALSE;10.136.666.666.666.600
2;3;2;0;72;1;0;FALSE;11.892.416.666.666.600
2;3;2;0;72;2;0;FALSE;27.071.333.333.333.300
2;3;2;0;72;3;0;FALSE;4.300.416.666.666.660
2;3;2;0;72;6;0;FALSE;9.680.416.666.666.660
2;3;2;0;73;1;0;FALSE;14420.0
2;3;2;0;73;2;0;FALSE;32.429.625
2;3;2;0;73;3;0;FALSE;4.102.083.333.333.330
2;3;2;0;73;6;0;FALSE;1.094.125
2;3;2;0;74;1;0;FALSE;13.831.833.333.333.300
2;3;2;0;74;2;0;FALSE;30254.0
2;3;2;0;74;3;0;FALSE;4.465.833.333.333.330
2;3;2;0;74;6;0;FALSE;1022.75
2;3;2;0;75;1;0;FALSE;16.537.958.333.333.300
2;3;2;0;75;2;0;FALSE;35.396.958.333.333.300
2;3;2;0;75;3;0;FALSE;4.129.166.666.666.660
2;3;2;0;75;6;0;FALSE;12.300.416.666.666.600
2;3;2;0;76;1;0;FALSE;10863.75
2;3;2;0;76;2;0;FALSE;22.905.791.666.666.600
2;3;2;0;76;3;0;FALSE;4.345.833.333.333.330
2;3;2;0;76;6;0;FALSE;873.875
2;3;2;0;77;1;0;FALSE;13.256.291.666.666.600
2;3;2;0;77;2;0;FALSE;27.642.208.333.333.300
2;3;2;0;77;3;0;FALSE;4.098.333.333.333.330
2;3;2;0;77;6;0;FALSE;9.574.166.666.666.660
2;3;2;0;78;1;0;FALSE;12.714.458.333.333.300
2;3;2;0;78;2;0;FALSE;26386.0
2;3;2;0;78;3;0;FALSE;4.525.416.666.666.660
2;3;2;0;78;6;0;FALSE;9.550.416.666.666.660
2;3;2;0;79;1;0;FALSE;14.992.708.333.333.300
2;3;2;0;79;2;0;FALSE;31.569.708.333.333.300
2;3;2;0;79;3;0;FALSE;425.375
2;3;2;0;79;6;0;FALSE;10.979.583.333.333.300
2;3;2;0;80;1;0;FALSE;11.213.208.333.333.300
2;3;2;0;80;2;0;TRUE;6.111.833.333.333.330
2;3;2;0;80;2;1;TRUE;6.569.083.333.333.330
2;3;2;0;80;2;2;FALSE;30.916.541.666.666.600
2;3;2;0;80;2;3;FALSE;32.575.208.333.333.300
2;3;2;0;80;3;0;TRUE;9.154.166.666.666.660
2;3;2;0;80;3;1;TRUE;8.483.333.333.333.330
2;3;2;0;80;3;2;FALSE;442.75
2;3;2;0;80;3;3;FALSE;4.474.166.666.666.660
2;3;2;0;80;6;0;TRUE;2.724.583.333.333.330
2;3;2;0;80;6;1;TRUE;2.716.666.666.666.660
2;3;2;0;80;6;2;FALSE;10.699.583.333.333.300
2;3;2;0;80;6;3;FALSE;11.187.916.666.666.600
2;3;2;0;81;1;0;FALSE;13.723.625
2;3;2;0;82;1;0;FALSE;13424.25
2;3;2;0;83;1;0;FALSE;15.716.833.333.333.300
2;3;2;0;84;1;0;FALSE;10.541.541.666.666.600
2;3;2;0;85;1;0;FALSE;12.536.208.333.333.300
2;3;2;0;86;1;0;FALSE;12.223.166.666.666.600
2;3;2;0;87;1;0;FALSE;14295.25
2;3;2;0;88;1;0;FALSE;12.440.375
2;3;2;0;89;1;0;FALSE;14557.25
2;3;2;0;90;1;0;TRUE;24.966.666.666.666.600
2;3;2;0;90;1;1;TRUE;6.126.125
2;3;2;0;90;1;2;TRUE;2.722.916.666.666.660
2;3;2;0;90;1;3;FALSE;16.347.208.333.333.300
2;3;2;1;59;1;0;FALSE;19.136.633.333.333.300
2;3;2;1;59;2;0;FALSE;41.602.166.666.666.600
2;3;2;1;59;4;0;FALSE;12.904.833.333.333.300
2;3;2;1;59;6;0;FALSE;4739.6
2;3;2;1;60;1;0;FALSE;15.103.558.333.333.300
2;3;2;1;60;2;0;FALSE;29.371.266.666.666.600
2;3;2;1;60;4;0;FALSE;1.222.025
2;3;2;1;60;6;0;FALSE;35.361.833.333.333.300
2;3;2;1;61;1;0;FALSE;15871.1
2;3;2;1;61;2;0;FALSE;32.508.366.666.666.600
2;3;2;1;61;4;0;FALSE;12.598.916.666.666.600
2;3;2;1;61;6;0;FALSE;3.492.425
2;3;2;1;62;1;0;FALSE;15.812.316.666.666.600
2;3;2;1;62;2;0;FALSE;32.002.175
2;3;2;1;62;4;0;FALSE;12.446.916.666.666.600
2;3;2;1;62;6;0;FALSE;36.719.583.333.333.300
2;3;2;1;63;1;0;FALSE;16.262.966.666.666.600
2;3;2;1;63;2;0;FALSE;33.387.808.333.333.300
2;3;2;1;63;4;0;FALSE;12.374.916.666.666.600
2;3;2;1;63;6;0;FALSE;3.537.383.333.333.330
2;3;2;1;64;1;0;FALSE;13.685.866.666.666.600
2;3;2;1;64;2;0;FALSE;27.994.025
2;3;2;1;64;4;0;FALSE;10.705.333.333.333.300
2;3;2;1;64;6;0;FALSE;3491.35
2;3;2;1;65;1;0;FALSE;15.329.483.333.333.300
2;3;2;1;65;2;0;FALSE;32.508.416.666.666.600
2;3;2;1;65;4;0;FALSE;1133.9
2;3;2;1;65;6;0;FALSE;3.687.508.333.333.330
2;3;2;1;66;1;0;FALSE;15.472.741.666.666.600
2;3;2;1;66;2;0;FALSE;31.910.641.666.666.600
2;3;2;1;66;4;0;FALSE;1118.9
2;3;2;1;66;6;0;FALSE;3769.2
2;3;2;1;67;1;0;FALSE;17.152.616.666.666.600
2;3;2;1;67;2;0;FALSE;36755.1
2;3;2;1;67;4;0;FALSE;11.936.833.333.333.300
2;3;2;1;67;6;0;FALSE;4.251.225
2;3;2;1;68;1;0;FALSE;13.173.783.333.333.300
2;3;2;1;68;2;0;FALSE;24.726.775
2;3;2;1;68;4;0;FALSE;1087.6
2;3;2;1;68;6;0;FALSE;3.200.975
2;3;2;1;69;1;0;FALSE;14.430.041.666.666.600
2;3;2;1;69;2;0;FALSE;28.220.525
2;3;2;1;69;3;0;FALSE;1715.25
2;3;2;1;69;4;0;FALSE;11.593.166.666.666.600
2;3;2;1;69;5;0;FALSE;7.877.808.333.333.330
2;3;2;1;69;6;0;FALSE;3274.65
2;3;2;1;70;1;0;FALSE;14.385.091.666.666.600
2;3;2;1;70;2;0;FALSE;27941.7
2;3;2;1;70;3;0;FALSE;1.696.575
2;3;2;1;70;4;0;TRUE;5.271.666.666.666.660
2;3;2;1;70;4;1;FALSE;1.237.525
2;3;2;1;70;4;2;TRUE;583.25
2;3;2;1;70;4;3;FALSE;1.266.425
2;3;2;1;70;4;4;FALSE;12.438.333.333.333.300
2;3;2;1;70;5;0;FALSE;8.058.691.666.666.660
2;3;2;1;70;6;0;FALSE;3.312.725
2;3;2;1;71;1;0;FALSE;15.919.775
2;3;2;1;71;2;0;FALSE;32.261.175
2;3;2;1;71;3;0;FALSE;1663.95
2;3;2;1;71;5;0;FALSE;7.922.225
2;3;2;1;71;6;0;FALSE;3734.4
2;3;2;1;72;1;0;FALSE;15.199.916.666.666.600
2;3;2;1;72;2;0;FALSE;30267.55
2;3;2;1;72;3;0;FALSE;16.223.916.666.666.600
2;3;2;1;72;5;0;FALSE;7.953.233.333.333.330
2;3;2;1;72;6;0;FALSE;36.044.416.666.666.600
2;3;2;1;73;1;0;FALSE;17.220.925
2;3;2;1;73;2;0;FALSE;35.555.808.333.333.300
2;3;2;1;73;3;0;FALSE;14.455.083.333.333.300
2;3;2;1;73;5;0;FALSE;7.801.858.333.333.330
2;3;2;1;73;6;0;FALSE;4094.0
2;3;2;1;74;1;0;FALSE;16.957.416.666.666.600
2;3;2;1;74;2;0;FALSE;33.842.833.333.333.300
2;3;2;1;74;3;0;FALSE;1632.35
2;3;2;1;74;5;0;FALSE;8.071.125
2;3;2;1;74;6;0;FALSE;4.024.116.666.666.660
2;3;2;1;75;1;0;FALSE;18.952.533.333.333.300
2;3;2;1;75;2;0;FALSE;3.876.284.166.666.660
2;3;2;1;75;3;0;FALSE;1540.6
2;3;2;1;75;5;0;FALSE;7.875.508.333.333.330
2;3;2;1;75;6;0;FALSE;4.453.783.333.333.330
2;3;2;1;76;1;0;FALSE;14.045.366.666.666.600
2;3;2;1;76;2;0;FALSE;26.250.525
2;3;2;1;76;3;0;FALSE;1667.4
2;3;2;1;76;5;0;FALSE;7.937.208.333.333.330
2;3;2;1;76;6;0;FALSE;3.242.741.666.666.660
2;3;2;1;77;1;0;FALSE;15.737.091.666.666.600
2;3;2;1;77;2;0;FALSE;30.761.566.666.666.600
2;3;2;1;77;3;0;FALSE;1461.9
2;3;2;1;77;5;0;FALSE;7835.65
2;3;2;1;77;6;0;FALSE;3.556.116.666.666.660
2;3;2;1;78;1;0;FALSE;15.636.925
2;3;2;1;78;2;0;FALSE;29.784.766.666.666.600
2;3;2;1;78;3;0;FALSE;1.702.175
2;3;2;1;78;5;0;FALSE;8.030.866.666.666.660
2;3;2;1;78;6;0;FALSE;35.556.666.666.666.600
2;3;2;1;79;1;0;FALSE;17.386.633.333.333.300
2;3;2;1;79;2;0;FALSE;3.499.351.666.666.660
2;3;2;1;79;3;0;FALSE;16.199.916.666.666.600
2;3;2;1;79;5;0;FALSE;7.956.016.666.666.660
2;3;2;1;79;6;0;FALSE;4.051.891.666.666.660
2;3;2;1;80;1;0;FALSE;14.721.075
2;3;2;1;80;2;0;TRUE;6.826.716.666.666.660
2;3;2;1;80;2;1;TRUE;7.162.425
2;3;2;1;80;2;2;FALSE;34.314.566.666.666.600
2;3;2;1;80;2;3;FALSE;36101.85
2;3;2;1;80;2;4;FALSE;32.349.941.666.666.600
2;3;2;1;80;3;0;TRUE;12.551.666.666.666.600
2;3;2;1;80;3;1;TRUE;123.25
2;3;2;1;80;3;2;FALSE;16.013.083.333.333.300
2;3;2;1;80;3;3;FALSE;15.259.083.333.333.300
2;3;2;1;80;3;4;FALSE;17.258.083.333.333.300
2;3;2;1;80;5;0;FALSE;7.918.483.333.333.330
2;3;2;1;80;6;0;TRUE;879.675
2;3;2;1;80;6;1;TRUE;914.875
2;3;2;1;80;6;2;FALSE;3993.55
2;3;2;1;80;6;3;FALSE;40.932.833.333.333.300
2;3;2;1;80;6;4;FALSE;3.755.758.333.333.330
2;3;2;1;81;1;0;FALSE;16.501.116.666.666.600
2;3;2;1;81;5;0;FALSE;7.633.041.666.666.660
2;3;2;1;82;1;0;FALSE;16.757.591.666.666.600
2;3;2;1;82;5;0;FALSE;7.966.075
2;3;2;1;83;1;0;FALSE;18241.95
2;3;2;1;83;5;0;FALSE;7.776.916.666.666.660
2;3;2;1;84;1;0;FALSE;13.713.033.333.333.300
2;3;2;1;84;5;0;FALSE;7.921.883.333.333.330
2;3;2;1;85;1;0;FALSE;15.027.566.666.666.600
2;3;2;1;85;5;0;FALSE;7.660.591.666.666.660
2;3;2;1;86;1;0;FALSE;15.241.533.333.333.300
2;3;2;1;86;5;0;FALSE;7.981.433.333.333.330
2;3;2;1;87;1;0;FALSE;16.924.258.333.333.300
2;3;2;1;87;5;0;FALSE;7.745.391.666.666.660
2;3;2;1;88;1;0;FALSE;15.732.175
2;3;2;1;88;5;0;FALSE;7.837.233.333.333.330
2;3;2;1;89;1;0;FALSE;16.876.158.333.333.300
2;3;2;1;89;5;0;FALSE;7.748.016.666.666.660
2;3;2;1;90;1;0;TRUE;279.65
2;3;2;1;90;1;1;TRUE;7642.65
2;3;2;1;90;1;2;TRUE;290.65
2;3;2;1;90;1;3;FALSE;20243.15
2;3;2;1;90;1;4;FALSE;17.944.716.666.666.600
2;3;2;1;90;5;0;TRUE;82.425
2;3;2;1;90;5;1;TRUE;13.169.833.333.333.300
2;3;2;1;90;5;2;FALSE;9365.45
2;3;2;1;90;5;3;FALSE;8.474.025
2;3;2;1;90;5;4;TRUE;8.200.833.333.333.330
